id,fir_id,type,description,collected_at,storage_ref
1,1,digital,digital evidence collected at scene,2026-02-12 00:00:00,EVD-1-0
2,1,forensic,forensic evidence collected at scene,2026-02-12 00:00:00,EVD-1-1
3,3,document,document evidence collected at scene,2026-06-04 00:00:00,EVD-3-0
4,6,document,document evidence collected at scene,2026-05-09 00:00:00,EVD-6-0
5,7,digital,digital evidence collected at scene,2025-12-11 00:00:00,EVD-7-0
6,7,cctv,cctv evidence collected at scene,2025-12-11 00:00:00,EVD-7-1
7,8,forensic,forensic evidence collected at scene,2025-06-04 00:00:00,EVD-8-0
8,8,cctv,cctv evidence collected at scene,2025-06-04 00:00:00,EVD-8-1
9,8,forensic,forensic evidence collected at scene,2025-06-04 00:00:00,EVD-8-2
10,9,digital,digital evidence collected at scene,2026-05-11 00:00:00,EVD-9-0
11,11,forensic,forensic evidence collected at scene,2025-11-19 00:00:00,EVD-11-0
12,12,cctv,cctv evidence collected at scene,2026-07-09 00:00:00,EVD-12-0
13,12,digital,digital evidence collected at scene,2026-07-09 00:00:00,EVD-12-1
14,13,forensic,forensic evidence collected at scene,2026-03-20 00:00:00,EVD-13-0
15,14,cctv,cctv evidence collected at scene,2026-04-12 00:00:00,EVD-14-0
16,14,digital,digital evidence collected at scene,2026-04-12 00:00:00,EVD-14-1
17,14,cctv,cctv evidence collected at scene,2026-04-12 00:00:00,EVD-14-2
18,16,document,document evidence collected at scene,2025-02-25 00:00:00,EVD-16-0
19,17,document,document evidence collected at scene,2026-02-15 00:00:00,EVD-17-0
20,17,digital,digital evidence collected at scene,2026-02-15 00:00:00,EVD-17-1
21,17,digital,digital evidence collected at scene,2026-02-15 00:00:00,EVD-17-2
22,19,physical,physical evidence collected at scene,2026-06-26 00:00:00,EVD-19-0
23,19,document,document evidence collected at scene,2026-06-26 00:00:00,EVD-19-1
24,21,digital,digital evidence collected at scene,2025-07-16 00:00:00,EVD-21-0
25,23,digital,digital evidence collected at scene,2026-05-18 00:00:00,EVD-23-0
26,23,forensic,forensic evidence collected at scene,2026-05-18 00:00:00,EVD-23-1
27,24,document,document evidence collected at scene,2026-06-20 00:00:00,EVD-24-0
28,24,document,document evidence collected at scene,2026-06-20 00:00:00,EVD-24-1
29,26,forensic,forensic evidence collected at scene,2025-04-20 00:00:00,EVD-26-0
30,27,cctv,cctv evidence collected at scene,2025-07-10 00:00:00,EVD-27-0
31,27,cctv,cctv evidence collected at scene,2025-07-10 00:00:00,EVD-27-1
32,28,forensic,forensic evidence collected at scene,2026-05-24 00:00:00,EVD-28-0
33,28,digital,digital evidence collected at scene,2026-05-24 00:00:00,EVD-28-1
34,29,physical,physical evidence collected at scene,2025-08-11 00:00:00,EVD-29-0
35,30,document,document evidence collected at scene,2025-06-17 00:00:00,EVD-30-0
36,34,forensic,forensic evidence collected at scene,2026-03-17 00:00:00,EVD-34-0
37,35,forensic,forensic evidence collected at scene,2026-06-25 00:00:00,EVD-35-0
38,35,forensic,forensic evidence collected at scene,2026-06-25 00:00:00,EVD-35-1
39,36,document,document evidence collected at scene,2026-01-15 00:00:00,EVD-36-0
40,36,physical,physical evidence collected at scene,2026-01-15 00:00:00,EVD-36-1
41,37,physical,physical evidence collected at scene,2025-02-03 00:00:00,EVD-37-0
42,41,forensic,forensic evidence collected at scene,2025-12-18 00:00:00,EVD-41-0
43,42,forensic,forensic evidence collected at scene,2026-06-26 00:00:00,EVD-42-0
44,42,cctv,cctv evidence collected at scene,2026-06-26 00:00:00,EVD-42-1
45,42,cctv,cctv evidence collected at scene,2026-06-26 00:00:00,EVD-42-2
46,43,physical,physical evidence collected at scene,2026-01-25 00:00:00,EVD-43-0
47,44,document,document evidence collected at scene,2026-03-08 00:00:00,EVD-44-0
48,46,forensic,forensic evidence collected at scene,2026-06-29 00:00:00,EVD-46-0
49,47,forensic,forensic evidence collected at scene,2025-10-18 00:00:00,EVD-47-0
50,47,document,document evidence collected at scene,2025-10-18 00:00:00,EVD-47-1
51,48,physical,physical evidence collected at scene,2026-05-07 00:00:00,EVD-48-0
52,52,digital,digital evidence collected at scene,2026-02-06 00:00:00,EVD-52-0
53,53,forensic,forensic evidence collected at scene,2026-03-29 00:00:00,EVD-53-0
54,54,digital,digital evidence collected at scene,2025-06-30 00:00:00,EVD-54-0
55,55,forensic,forensic evidence collected at scene,2025-11-11 00:00:00,EVD-55-0
56,55,physical,physical evidence collected at scene,2025-11-11 00:00:00,EVD-55-1
57,57,physical,physical evidence collected at scene,2025-03-22 00:00:00,EVD-57-0
58,58,document,document evidence collected at scene,2025-11-20 00:00:00,EVD-58-0
59,59,document,document evidence collected at scene,2025-05-17 00:00:00,EVD-59-0
60,59,digital,digital evidence collected at scene,2025-05-17 00:00:00,EVD-59-1
61,60,forensic,forensic evidence collected at scene,2026-03-06 00:00:00,EVD-60-0
62,60,cctv,cctv evidence collected at scene,2026-03-06 00:00:00,EVD-60-1
63,61,document,document evidence collected at scene,2026-04-15 00:00:00,EVD-61-0
64,62,digital,digital evidence collected at scene,2026-04-10 00:00:00,EVD-62-0
65,63,forensic,forensic evidence collected at scene,2026-01-31 00:00:00,EVD-63-0
66,63,cctv,cctv evidence collected at scene,2026-01-31 00:00:00,EVD-63-1
67,64,cctv,cctv evidence collected at scene,2026-05-31 00:00:00,EVD-64-0
68,65,document,document evidence collected at scene,2026-03-27 00:00:00,EVD-65-0
69,67,document,document evidence collected at scene,2025-03-19 00:00:00,EVD-67-0
70,69,cctv,cctv evidence collected at scene,2025-03-13 00:00:00,EVD-69-0
71,69,cctv,cctv evidence collected at scene,2025-03-13 00:00:00,EVD-69-1
72,70,document,document evidence collected at scene,2025-07-01 00:00:00,EVD-70-0
73,70,cctv,cctv evidence collected at scene,2025-07-01 00:00:00,EVD-70-1
74,72,digital,digital evidence collected at scene,2026-04-06 00:00:00,EVD-72-0
75,73,physical,physical evidence collected at scene,2026-04-15 00:00:00,EVD-73-0
76,73,forensic,forensic evidence collected at scene,2026-04-15 00:00:00,EVD-73-1
77,74,forensic,forensic evidence collected at scene,2026-06-03 00:00:00,EVD-74-0
78,74,physical,physical evidence collected at scene,2026-06-03 00:00:00,EVD-74-1
79,75,digital,digital evidence collected at scene,2026-04-07 00:00:00,EVD-75-0
80,76,forensic,forensic evidence collected at scene,2026-01-09 00:00:00,EVD-76-0
81,77,cctv,cctv evidence collected at scene,2025-12-27 00:00:00,EVD-77-0
82,77,document,document evidence collected at scene,2025-12-27 00:00:00,EVD-77-1
83,77,physical,physical evidence collected at scene,2025-12-27 00:00:00,EVD-77-2
84,83,cctv,cctv evidence collected at scene,2025-12-23 00:00:00,EVD-83-0
85,83,document,document evidence collected at scene,2025-12-23 00:00:00,EVD-83-1
86,83,cctv,cctv evidence collected at scene,2025-12-23 00:00:00,EVD-83-2
87,84,cctv,cctv evidence collected at scene,2025-10-21 00:00:00,EVD-84-0
88,84,physical,physical evidence collected at scene,2025-10-21 00:00:00,EVD-84-1
89,85,document,document evidence collected at scene,2025-12-31 00:00:00,EVD-85-0
90,87,forensic,forensic evidence collected at scene,2025-10-10 00:00:00,EVD-87-0
91,89,digital,digital evidence collected at scene,2026-05-01 00:00:00,EVD-89-0
92,89,physical,physical evidence collected at scene,2026-05-01 00:00:00,EVD-89-1
93,89,digital,digital evidence collected at scene,2026-05-01 00:00:00,EVD-89-2
94,91,forensic,forensic evidence collected at scene,2025-12-23 00:00:00,EVD-91-0
95,91,digital,digital evidence collected at scene,2025-12-23 00:00:00,EVD-91-1
96,92,cctv,cctv evidence collected at scene,2025-04-12 00:00:00,EVD-92-0
97,92,forensic,forensic evidence collected at scene,2025-04-12 00:00:00,EVD-92-1
98,93,document,document evidence collected at scene,2025-03-09 00:00:00,EVD-93-0
99,94,cctv,cctv evidence collected at scene,2026-07-05 00:00:00,EVD-94-0
100,95,cctv,cctv evidence collected at scene,2025-03-07 00:00:00,EVD-95-0
101,95,forensic,forensic evidence collected at scene,2025-03-07 00:00:00,EVD-95-1
102,95,physical,physical evidence collected at scene,2025-03-07 00:00:00,EVD-95-2
103,96,digital,digital evidence collected at scene,2026-07-11 00:00:00,EVD-96-0
104,96,document,document evidence collected at scene,2026-07-11 00:00:00,EVD-96-1
105,96,cctv,cctv evidence collected at scene,2026-07-11 00:00:00,EVD-96-2
106,98,physical,physical evidence collected at scene,2025-11-08 00:00:00,EVD-98-0
107,98,document,document evidence collected at scene,2025-11-08 00:00:00,EVD-98-1
108,99,physical,physical evidence collected at scene,2025-11-16 00:00:00,EVD-99-0
109,99,digital,digital evidence collected at scene,2025-11-16 00:00:00,EVD-99-1
110,100,digital,digital evidence collected at scene,2026-01-28 00:00:00,EVD-100-0
111,100,document,document evidence collected at scene,2026-01-28 00:00:00,EVD-100-1
112,101,digital,digital evidence collected at scene,2025-12-22 00:00:00,EVD-101-0
113,101,digital,digital evidence collected at scene,2025-12-22 00:00:00,EVD-101-1
114,102,physical,physical evidence collected at scene,2026-06-08 00:00:00,EVD-102-0
115,103,digital,digital evidence collected at scene,2026-04-09 00:00:00,EVD-103-0
116,103,document,document evidence collected at scene,2026-04-09 00:00:00,EVD-103-1
117,104,forensic,forensic evidence collected at scene,2026-02-13 00:00:00,EVD-104-0
118,104,cctv,cctv evidence collected at scene,2026-02-13 00:00:00,EVD-104-1
119,107,forensic,forensic evidence collected at scene,2026-01-18 00:00:00,EVD-107-0
120,110,physical,physical evidence collected at scene,2025-05-26 00:00:00,EVD-110-0
121,110,forensic,forensic evidence collected at scene,2025-05-26 00:00:00,EVD-110-1
122,111,forensic,forensic evidence collected at scene,2026-06-08 00:00:00,EVD-111-0
123,112,document,document evidence collected at scene,2026-06-23 00:00:00,EVD-112-0
124,113,document,document evidence collected at scene,2025-06-27 00:00:00,EVD-113-0
125,114,physical,physical evidence collected at scene,2025-08-27 00:00:00,EVD-114-0
126,114,cctv,cctv evidence collected at scene,2025-08-27 00:00:00,EVD-114-1
127,114,physical,physical evidence collected at scene,2025-08-27 00:00:00,EVD-114-2
128,115,forensic,forensic evidence collected at scene,2026-06-18 00:00:00,EVD-115-0
129,115,document,document evidence collected at scene,2026-06-18 00:00:00,EVD-115-1
130,117,physical,physical evidence collected at scene,2026-04-03 00:00:00,EVD-117-0
131,117,physical,physical evidence collected at scene,2026-04-03 00:00:00,EVD-117-1
132,118,cctv,cctv evidence collected at scene,2026-04-04 00:00:00,EVD-118-0
133,118,document,document evidence collected at scene,2026-04-04 00:00:00,EVD-118-1
134,119,document,document evidence collected at scene,2025-11-07 00:00:00,EVD-119-0
135,119,digital,digital evidence collected at scene,2025-11-07 00:00:00,EVD-119-1
136,120,cctv,cctv evidence collected at scene,2026-03-17 00:00:00,EVD-120-0
137,120,physical,physical evidence collected at scene,2026-03-17 00:00:00,EVD-120-1
138,121,document,document evidence collected at scene,2026-02-09 00:00:00,EVD-121-0
139,121,cctv,cctv evidence collected at scene,2026-02-09 00:00:00,EVD-121-1
140,122,digital,digital evidence collected at scene,2025-12-07 00:00:00,EVD-122-0
141,124,digital,digital evidence collected at scene,2026-03-17 00:00:00,EVD-124-0
142,125,document,document evidence collected at scene,2025-04-16 00:00:00,EVD-125-0
143,126,cctv,cctv evidence collected at scene,2026-05-27 00:00:00,EVD-126-0
144,127,cctv,cctv evidence collected at scene,2025-07-02 00:00:00,EVD-127-0
145,127,forensic,forensic evidence collected at scene,2025-07-02 00:00:00,EVD-127-1
146,127,cctv,cctv evidence collected at scene,2025-07-02 00:00:00,EVD-127-2
147,128,physical,physical evidence collected at scene,2025-09-11 00:00:00,EVD-128-0
148,128,document,document evidence collected at scene,2025-09-11 00:00:00,EVD-128-1
149,130,forensic,forensic evidence collected at scene,2025-12-07 00:00:00,EVD-130-0
150,130,cctv,cctv evidence collected at scene,2025-12-07 00:00:00,EVD-130-1
151,131,forensic,forensic evidence collected at scene,2026-01-08 00:00:00,EVD-131-0
152,131,forensic,forensic evidence collected at scene,2026-01-08 00:00:00,EVD-131-1
153,132,digital,digital evidence collected at scene,2026-06-23 00:00:00,EVD-132-0
154,133,digital,digital evidence collected at scene,2025-07-09 00:00:00,EVD-133-0
155,133,digital,digital evidence collected at scene,2025-07-09 00:00:00,EVD-133-1
156,134,cctv,cctv evidence collected at scene,2026-02-13 00:00:00,EVD-134-0
157,135,document,document evidence collected at scene,2026-03-22 00:00:00,EVD-135-0
158,138,forensic,forensic evidence collected at scene,2026-05-26 00:00:00,EVD-138-0
159,138,document,document evidence collected at scene,2026-05-26 00:00:00,EVD-138-1
160,139,forensic,forensic evidence collected at scene,2025-12-06 00:00:00,EVD-139-0
161,140,digital,digital evidence collected at scene,2026-02-24 00:00:00,EVD-140-0
162,140,cctv,cctv evidence collected at scene,2026-02-24 00:00:00,EVD-140-1
163,141,physical,physical evidence collected at scene,2026-02-01 00:00:00,EVD-141-0
164,141,document,document evidence collected at scene,2026-02-01 00:00:00,EVD-141-1
165,142,forensic,forensic evidence collected at scene,2026-05-08 00:00:00,EVD-142-0
166,143,digital,digital evidence collected at scene,2026-04-20 00:00:00,EVD-143-0
167,145,physical,physical evidence collected at scene,2026-01-22 00:00:00,EVD-145-0
168,146,digital,digital evidence collected at scene,2025-10-31 00:00:00,EVD-146-0
169,146,physical,physical evidence collected at scene,2025-10-31 00:00:00,EVD-146-1
170,146,cctv,cctv evidence collected at scene,2025-10-31 00:00:00,EVD-146-2
171,147,physical,physical evidence collected at scene,2026-05-17 00:00:00,EVD-147-0
172,149,physical,physical evidence collected at scene,2026-01-24 00:00:00,EVD-149-0
173,153,forensic,forensic evidence collected at scene,2026-03-14 00:00:00,EVD-153-0
174,153,digital,digital evidence collected at scene,2026-03-14 00:00:00,EVD-153-1
175,154,digital,digital evidence collected at scene,2025-01-23 00:00:00,EVD-154-0
176,155,physical,physical evidence collected at scene,2026-01-26 00:00:00,EVD-155-0
177,156,forensic,forensic evidence collected at scene,2026-05-19 00:00:00,EVD-156-0
178,156,forensic,forensic evidence collected at scene,2026-05-19 00:00:00,EVD-156-1
179,158,document,document evidence collected at scene,2026-01-21 00:00:00,EVD-158-0
180,158,physical,physical evidence collected at scene,2026-01-21 00:00:00,EVD-158-1
181,159,digital,digital evidence collected at scene,2026-05-02 00:00:00,EVD-159-0
182,159,digital,digital evidence collected at scene,2026-05-02 00:00:00,EVD-159-1
183,159,physical,physical evidence collected at scene,2026-05-02 00:00:00,EVD-159-2
184,160,physical,physical evidence collected at scene,2025-11-03 00:00:00,EVD-160-0
185,162,cctv,cctv evidence collected at scene,2026-04-10 00:00:00,EVD-162-0
186,164,physical,physical evidence collected at scene,2025-05-28 00:00:00,EVD-164-0
187,164,digital,digital evidence collected at scene,2025-05-28 00:00:00,EVD-164-1
188,164,cctv,cctv evidence collected at scene,2025-05-28 00:00:00,EVD-164-2
189,165,physical,physical evidence collected at scene,2025-11-11 00:00:00,EVD-165-0
190,166,digital,digital evidence collected at scene,2026-05-06 00:00:00,EVD-166-0
191,167,cctv,cctv evidence collected at scene,2026-04-13 00:00:00,EVD-167-0
192,169,forensic,forensic evidence collected at scene,2025-08-19 00:00:00,EVD-169-0
193,169,digital,digital evidence collected at scene,2025-08-19 00:00:00,EVD-169-1
194,171,forensic,forensic evidence collected at scene,2026-07-02 00:00:00,EVD-171-0
195,171,digital,digital evidence collected at scene,2026-07-02 00:00:00,EVD-171-1
196,172,cctv,cctv evidence collected at scene,2025-11-30 00:00:00,EVD-172-0
197,172,forensic,forensic evidence collected at scene,2025-11-30 00:00:00,EVD-172-1
198,173,forensic,forensic evidence collected at scene,2026-06-25 00:00:00,EVD-173-0
199,174,forensic,forensic evidence collected at scene,2026-03-03 00:00:00,EVD-174-0
200,175,digital,digital evidence collected at scene,2026-03-31 00:00:00,EVD-175-0
201,175,cctv,cctv evidence collected at scene,2026-03-31 00:00:00,EVD-175-1
202,175,physical,physical evidence collected at scene,2026-03-31 00:00:00,EVD-175-2
203,176,forensic,forensic evidence collected at scene,2026-05-28 00:00:00,EVD-176-0
204,177,digital,digital evidence collected at scene,2026-03-14 00:00:00,EVD-177-0
205,177,document,document evidence collected at scene,2026-03-14 00:00:00,EVD-177-1
206,177,forensic,forensic evidence collected at scene,2026-03-14 00:00:00,EVD-177-2
207,178,digital,digital evidence collected at scene,2026-06-26 00:00:00,EVD-178-0
208,178,document,document evidence collected at scene,2026-06-26 00:00:00,EVD-178-1
209,179,cctv,cctv evidence collected at scene,2025-07-04 00:00:00,EVD-179-0
210,180,document,document evidence collected at scene,2026-02-24 00:00:00,EVD-180-0
211,180,document,document evidence collected at scene,2026-02-24 00:00:00,EVD-180-1
212,180,forensic,forensic evidence collected at scene,2026-02-24 00:00:00,EVD-180-2
213,181,document,document evidence collected at scene,2025-02-14 00:00:00,EVD-181-0
214,181,cctv,cctv evidence collected at scene,2025-02-14 00:00:00,EVD-181-1
215,182,physical,physical evidence collected at scene,2026-04-10 00:00:00,EVD-182-0
216,182,physical,physical evidence collected at scene,2026-04-10 00:00:00,EVD-182-1
217,182,forensic,forensic evidence collected at scene,2026-04-10 00:00:00,EVD-182-2
218,183,physical,physical evidence collected at scene,2026-03-22 00:00:00,EVD-183-0
219,184,document,document evidence collected at scene,2026-06-12 00:00:00,EVD-184-0
220,184,digital,digital evidence collected at scene,2026-06-12 00:00:00,EVD-184-1
221,184,forensic,forensic evidence collected at scene,2026-06-12 00:00:00,EVD-184-2
222,185,document,document evidence collected at scene,2025-11-20 00:00:00,EVD-185-0
223,186,cctv,cctv evidence collected at scene,2026-03-23 00:00:00,EVD-186-0
224,187,digital,digital evidence collected at scene,2025-06-03 00:00:00,EVD-187-0
225,188,cctv,cctv evidence collected at scene,2025-05-01 00:00:00,EVD-188-0
226,189,document,document evidence collected at scene,2026-04-17 00:00:00,EVD-189-0
227,191,cctv,cctv evidence collected at scene,2026-06-05 00:00:00,EVD-191-0
228,192,document,document evidence collected at scene,2026-04-21 00:00:00,EVD-192-0
229,193,forensic,forensic evidence collected at scene,2026-04-20 00:00:00,EVD-193-0
230,193,forensic,forensic evidence collected at scene,2026-04-20 00:00:00,EVD-193-1
231,193,digital,digital evidence collected at scene,2026-04-20 00:00:00,EVD-193-2
232,194,cctv,cctv evidence collected at scene,2026-05-06 00:00:00,EVD-194-0
233,195,cctv,cctv evidence collected at scene,2025-07-21 00:00:00,EVD-195-0
234,197,forensic,forensic evidence collected at scene,2025-06-03 00:00:00,EVD-197-0
235,197,cctv,cctv evidence collected at scene,2025-06-03 00:00:00,EVD-197-1
236,198,document,document evidence collected at scene,2026-07-06 00:00:00,EVD-198-0
237,199,document,document evidence collected at scene,2025-04-02 00:00:00,EVD-199-0
238,199,physical,physical evidence collected at scene,2025-04-02 00:00:00,EVD-199-1
239,200,cctv,cctv evidence collected at scene,2025-04-02 00:00:00,EVD-200-0
240,200,document,document evidence collected at scene,2025-04-02 00:00:00,EVD-200-1
241,200,document,document evidence collected at scene,2025-04-02 00:00:00,EVD-200-2
242,203,physical,physical evidence collected at scene,2026-04-09 00:00:00,EVD-203-0
243,205,digital,digital evidence collected at scene,2026-04-30 00:00:00,EVD-205-0
244,206,digital,digital evidence collected at scene,2025-09-21 00:00:00,EVD-206-0
245,207,cctv,cctv evidence collected at scene,2026-06-04 00:00:00,EVD-207-0
246,207,digital,digital evidence collected at scene,2026-06-04 00:00:00,EVD-207-1
247,208,cctv,cctv evidence collected at scene,2025-08-30 00:00:00,EVD-208-0
248,208,physical,physical evidence collected at scene,2025-08-30 00:00:00,EVD-208-1
249,209,physical,physical evidence collected at scene,2026-06-08 00:00:00,EVD-209-0
250,210,forensic,forensic evidence collected at scene,2026-05-02 00:00:00,EVD-210-0
251,210,document,document evidence collected at scene,2026-05-02 00:00:00,EVD-210-1
252,212,document,document evidence collected at scene,2026-07-10 00:00:00,EVD-212-0
253,213,digital,digital evidence collected at scene,2025-04-06 00:00:00,EVD-213-0
254,213,forensic,forensic evidence collected at scene,2025-04-06 00:00:00,EVD-213-1
255,213,forensic,forensic evidence collected at scene,2025-04-06 00:00:00,EVD-213-2
256,214,physical,physical evidence collected at scene,2025-05-16 00:00:00,EVD-214-0
257,214,digital,digital evidence collected at scene,2025-05-16 00:00:00,EVD-214-1
258,215,document,document evidence collected at scene,2025-07-24 00:00:00,EVD-215-0
259,216,forensic,forensic evidence collected at scene,2025-02-06 00:00:00,EVD-216-0
260,217,cctv,cctv evidence collected at scene,2026-06-30 00:00:00,EVD-217-0
261,217,digital,digital evidence collected at scene,2026-06-30 00:00:00,EVD-217-1
262,218,forensic,forensic evidence collected at scene,2025-11-12 00:00:00,EVD-218-0
263,218,digital,digital evidence collected at scene,2025-11-12 00:00:00,EVD-218-1
264,221,physical,physical evidence collected at scene,2026-06-27 00:00:00,EVD-221-0
265,226,cctv,cctv evidence collected at scene,2026-06-02 00:00:00,EVD-226-0
266,227,forensic,forensic evidence collected at scene,2025-05-01 00:00:00,EVD-227-0
267,227,document,document evidence collected at scene,2025-05-01 00:00:00,EVD-227-1
268,228,document,document evidence collected at scene,2026-05-05 00:00:00,EVD-228-0
269,228,digital,digital evidence collected at scene,2026-05-05 00:00:00,EVD-228-1
270,228,physical,physical evidence collected at scene,2026-05-05 00:00:00,EVD-228-2
271,229,forensic,forensic evidence collected at scene,2026-04-20 00:00:00,EVD-229-0
272,230,digital,digital evidence collected at scene,2025-08-06 00:00:00,EVD-230-0
273,231,forensic,forensic evidence collected at scene,2026-02-01 00:00:00,EVD-231-0
274,233,physical,physical evidence collected at scene,2025-03-21 00:00:00,EVD-233-0
275,233,cctv,cctv evidence collected at scene,2025-03-21 00:00:00,EVD-233-1
276,235,cctv,cctv evidence collected at scene,2026-02-25 00:00:00,EVD-235-0
277,235,digital,digital evidence collected at scene,2026-02-25 00:00:00,EVD-235-1
278,236,physical,physical evidence collected at scene,2026-04-01 00:00:00,EVD-236-0
279,238,digital,digital evidence collected at scene,2025-07-11 00:00:00,EVD-238-0
280,239,cctv,cctv evidence collected at scene,2026-04-12 00:00:00,EVD-239-0
281,239,digital,digital evidence collected at scene,2026-04-12 00:00:00,EVD-239-1
282,240,forensic,forensic evidence collected at scene,2025-07-07 00:00:00,EVD-240-0
283,240,cctv,cctv evidence collected at scene,2025-07-07 00:00:00,EVD-240-1
284,240,document,document evidence collected at scene,2025-07-07 00:00:00,EVD-240-2
285,241,physical,physical evidence collected at scene,2025-12-18 00:00:00,EVD-241-0
286,245,document,document evidence collected at scene,2025-04-27 00:00:00,EVD-245-0
287,245,cctv,cctv evidence collected at scene,2025-04-27 00:00:00,EVD-245-1
288,245,digital,digital evidence collected at scene,2025-04-27 00:00:00,EVD-245-2
289,246,digital,digital evidence collected at scene,2026-06-05 00:00:00,EVD-246-0
290,247,physical,physical evidence collected at scene,2026-04-01 00:00:00,EVD-247-0
291,247,forensic,forensic evidence collected at scene,2026-04-01 00:00:00,EVD-247-1
292,247,digital,digital evidence collected at scene,2026-04-01 00:00:00,EVD-247-2
293,249,document,document evidence collected at scene,2025-03-22 00:00:00,EVD-249-0
294,250,digital,digital evidence collected at scene,2025-10-09 00:00:00,EVD-250-0
295,250,physical,physical evidence collected at scene,2025-10-09 00:00:00,EVD-250-1
296,251,physical,physical evidence collected at scene,2025-08-10 00:00:00,EVD-251-0
297,252,digital,digital evidence collected at scene,2025-03-02 00:00:00,EVD-252-0
298,252,document,document evidence collected at scene,2025-03-02 00:00:00,EVD-252-1
299,252,document,document evidence collected at scene,2025-03-02 00:00:00,EVD-252-2
300,253,physical,physical evidence collected at scene,2026-07-08 00:00:00,EVD-253-0
301,254,cctv,cctv evidence collected at scene,2026-03-24 00:00:00,EVD-254-0
302,254,digital,digital evidence collected at scene,2026-03-24 00:00:00,EVD-254-1
303,255,forensic,forensic evidence collected at scene,2025-08-05 00:00:00,EVD-255-0
304,256,physical,physical evidence collected at scene,2025-05-21 00:00:00,EVD-256-0
305,257,digital,digital evidence collected at scene,2026-07-09 00:00:00,EVD-257-0
306,258,forensic,forensic evidence collected at scene,2026-06-06 00:00:00,EVD-258-0
307,258,physical,physical evidence collected at scene,2026-06-06 00:00:00,EVD-258-1
308,259,forensic,forensic evidence collected at scene,2026-02-20 00:00:00,EVD-259-0
309,260,digital,digital evidence collected at scene,2025-10-26 00:00:00,EVD-260-0
310,261,digital,digital evidence collected at scene,2026-04-09 00:00:00,EVD-261-0
311,262,digital,digital evidence collected at scene,2025-08-14 00:00:00,EVD-262-0
312,262,physical,physical evidence collected at scene,2025-08-14 00:00:00,EVD-262-1
313,264,physical,physical evidence collected at scene,2026-05-01 00:00:00,EVD-264-0
314,264,document,document evidence collected at scene,2026-05-01 00:00:00,EVD-264-1
315,264,forensic,forensic evidence collected at scene,2026-05-01 00:00:00,EVD-264-2
316,265,forensic,forensic evidence collected at scene,2026-06-11 00:00:00,EVD-265-0
317,268,forensic,forensic evidence collected at scene,2026-06-28 00:00:00,EVD-268-0
318,269,document,document evidence collected at scene,2026-03-21 00:00:00,EVD-269-0
319,272,document,document evidence collected at scene,2025-12-16 00:00:00,EVD-272-0
320,272,physical,physical evidence collected at scene,2025-12-16 00:00:00,EVD-272-1
321,272,forensic,forensic evidence collected at scene,2025-12-16 00:00:00,EVD-272-2
322,274,cctv,cctv evidence collected at scene,2026-01-31 00:00:00,EVD-274-0
323,275,forensic,forensic evidence collected at scene,2025-09-21 00:00:00,EVD-275-0
324,275,digital,digital evidence collected at scene,2025-09-21 00:00:00,EVD-275-1
325,277,digital,digital evidence collected at scene,2025-07-19 00:00:00,EVD-277-0
326,279,forensic,forensic evidence collected at scene,2026-05-21 00:00:00,EVD-279-0
327,279,document,document evidence collected at scene,2026-05-21 00:00:00,EVD-279-1
328,280,forensic,forensic evidence collected at scene,2025-11-18 00:00:00,EVD-280-0
329,284,physical,physical evidence collected at scene,2025-02-19 00:00:00,EVD-284-0
330,284,cctv,cctv evidence collected at scene,2025-02-19 00:00:00,EVD-284-1
331,285,cctv,cctv evidence collected at scene,2025-06-02 00:00:00,EVD-285-0
332,286,cctv,cctv evidence collected at scene,2025-05-17 00:00:00,EVD-286-0
333,287,physical,physical evidence collected at scene,2025-02-08 00:00:00,EVD-287-0
334,287,forensic,forensic evidence collected at scene,2025-02-08 00:00:00,EVD-287-1
335,288,document,document evidence collected at scene,2026-05-08 00:00:00,EVD-288-0
336,290,digital,digital evidence collected at scene,2025-12-14 00:00:00,EVD-290-0
337,290,document,document evidence collected at scene,2025-12-14 00:00:00,EVD-290-1
338,292,cctv,cctv evidence collected at scene,2026-04-23 00:00:00,EVD-292-0
339,292,cctv,cctv evidence collected at scene,2026-04-23 00:00:00,EVD-292-1
340,294,physical,physical evidence collected at scene,2026-03-26 00:00:00,EVD-294-0
341,294,forensic,forensic evidence collected at scene,2026-03-26 00:00:00,EVD-294-1
342,294,forensic,forensic evidence collected at scene,2026-03-26 00:00:00,EVD-294-2
343,295,digital,digital evidence collected at scene,2026-07-01 00:00:00,EVD-295-0
344,296,forensic,forensic evidence collected at scene,2026-05-23 00:00:00,EVD-296-0
345,297,physical,physical evidence collected at scene,2025-06-06 00:00:00,EVD-297-0
346,298,digital,digital evidence collected at scene,2026-05-24 00:00:00,EVD-298-0
347,298,cctv,cctv evidence collected at scene,2026-05-24 00:00:00,EVD-298-1
348,298,forensic,forensic evidence collected at scene,2026-05-24 00:00:00,EVD-298-2
349,300,forensic,forensic evidence collected at scene,2025-10-23 00:00:00,EVD-300-0
350,302,cctv,cctv evidence collected at scene,2026-07-13 00:00:00,EVD-302-0
351,303,document,document evidence collected at scene,2026-02-25 00:00:00,EVD-303-0
352,303,cctv,cctv evidence collected at scene,2026-02-25 00:00:00,EVD-303-1
353,304,forensic,forensic evidence collected at scene,2026-04-03 00:00:00,EVD-304-0
354,306,physical,physical evidence collected at scene,2025-07-20 00:00:00,EVD-306-0
355,306,digital,digital evidence collected at scene,2025-07-20 00:00:00,EVD-306-1
356,308,digital,digital evidence collected at scene,2026-05-16 00:00:00,EVD-308-0
357,308,digital,digital evidence collected at scene,2026-05-16 00:00:00,EVD-308-1
358,309,document,document evidence collected at scene,2026-06-01 00:00:00,EVD-309-0
359,310,document,document evidence collected at scene,2025-12-07 00:00:00,EVD-310-0
360,311,forensic,forensic evidence collected at scene,2025-06-09 00:00:00,EVD-311-0
361,311,digital,digital evidence collected at scene,2025-06-09 00:00:00,EVD-311-1
362,311,forensic,forensic evidence collected at scene,2025-06-09 00:00:00,EVD-311-2
363,313,digital,digital evidence collected at scene,2025-06-16 00:00:00,EVD-313-0
364,313,cctv,cctv evidence collected at scene,2025-06-16 00:00:00,EVD-313-1
365,313,digital,digital evidence collected at scene,2025-06-16 00:00:00,EVD-313-2
366,314,digital,digital evidence collected at scene,2025-06-22 00:00:00,EVD-314-0
367,314,forensic,forensic evidence collected at scene,2025-06-22 00:00:00,EVD-314-1
368,315,physical,physical evidence collected at scene,2026-02-22 00:00:00,EVD-315-0
369,316,cctv,cctv evidence collected at scene,2025-09-14 00:00:00,EVD-316-0
370,317,document,document evidence collected at scene,2026-02-03 00:00:00,EVD-317-0
371,317,physical,physical evidence collected at scene,2026-02-03 00:00:00,EVD-317-1
372,318,digital,digital evidence collected at scene,2026-01-22 00:00:00,EVD-318-0
373,321,cctv,cctv evidence collected at scene,2026-02-16 00:00:00,EVD-321-0
374,321,digital,digital evidence collected at scene,2026-02-16 00:00:00,EVD-321-1
375,322,cctv,cctv evidence collected at scene,2026-02-04 00:00:00,EVD-322-0
376,322,document,document evidence collected at scene,2026-02-04 00:00:00,EVD-322-1
377,324,forensic,forensic evidence collected at scene,2026-03-13 00:00:00,EVD-324-0
378,326,document,document evidence collected at scene,2025-12-12 00:00:00,EVD-326-0
379,326,cctv,cctv evidence collected at scene,2025-12-12 00:00:00,EVD-326-1
380,326,digital,digital evidence collected at scene,2025-12-12 00:00:00,EVD-326-2
381,328,physical,physical evidence collected at scene,2026-05-29 00:00:00,EVD-328-0
382,328,physical,physical evidence collected at scene,2026-05-29 00:00:00,EVD-328-1
383,329,digital,digital evidence collected at scene,2026-03-25 00:00:00,EVD-329-0
384,330,forensic,forensic evidence collected at scene,2025-05-03 00:00:00,EVD-330-0
385,331,digital,digital evidence collected at scene,2026-03-28 00:00:00,EVD-331-0
386,332,cctv,cctv evidence collected at scene,2026-05-27 00:00:00,EVD-332-0
387,333,cctv,cctv evidence collected at scene,2026-05-27 00:00:00,EVD-333-0
388,334,cctv,cctv evidence collected at scene,2026-04-03 00:00:00,EVD-334-0
389,335,physical,physical evidence collected at scene,2025-09-24 00:00:00,EVD-335-0
390,335,forensic,forensic evidence collected at scene,2025-09-24 00:00:00,EVD-335-1
391,335,document,document evidence collected at scene,2025-09-24 00:00:00,EVD-335-2
392,338,digital,digital evidence collected at scene,2025-11-25 00:00:00,EVD-338-0
393,339,physical,physical evidence collected at scene,2026-06-15 00:00:00,EVD-339-0
394,339,cctv,cctv evidence collected at scene,2026-06-15 00:00:00,EVD-339-1
395,341,digital,digital evidence collected at scene,2026-04-20 00:00:00,EVD-341-0
396,341,digital,digital evidence collected at scene,2026-04-20 00:00:00,EVD-341-1
397,342,physical,physical evidence collected at scene,2025-10-19 00:00:00,EVD-342-0
398,344,document,document evidence collected at scene,2026-04-24 00:00:00,EVD-344-0
399,344,forensic,forensic evidence collected at scene,2026-04-24 00:00:00,EVD-344-1
400,345,forensic,forensic evidence collected at scene,2025-08-01 00:00:00,EVD-345-0
401,346,forensic,forensic evidence collected at scene,2026-01-11 00:00:00,EVD-346-0
402,347,forensic,forensic evidence collected at scene,2025-03-18 00:00:00,EVD-347-0
403,347,digital,digital evidence collected at scene,2025-03-18 00:00:00,EVD-347-1
404,347,physical,physical evidence collected at scene,2025-03-18 00:00:00,EVD-347-2
405,348,document,document evidence collected at scene,2026-04-12 00:00:00,EVD-348-0
406,349,forensic,forensic evidence collected at scene,2026-03-02 00:00:00,EVD-349-0
407,349,document,document evidence collected at scene,2026-03-02 00:00:00,EVD-349-1
408,349,digital,digital evidence collected at scene,2026-03-02 00:00:00,EVD-349-2
409,350,physical,physical evidence collected at scene,2025-05-11 00:00:00,EVD-350-0
410,351,document,document evidence collected at scene,2026-04-07 00:00:00,EVD-351-0
411,351,cctv,cctv evidence collected at scene,2026-04-07 00:00:00,EVD-351-1
412,352,document,document evidence collected at scene,2026-06-07 00:00:00,EVD-352-0
413,352,digital,digital evidence collected at scene,2026-06-07 00:00:00,EVD-352-1
414,353,physical,physical evidence collected at scene,2025-04-21 00:00:00,EVD-353-0
415,354,digital,digital evidence collected at scene,2025-11-27 00:00:00,EVD-354-0
416,355,document,document evidence collected at scene,2026-02-05 00:00:00,EVD-355-0
417,359,physical,physical evidence collected at scene,2026-03-17 00:00:00,EVD-359-0
418,362,document,document evidence collected at scene,2025-02-13 00:00:00,EVD-362-0
419,362,digital,digital evidence collected at scene,2025-02-13 00:00:00,EVD-362-1
420,362,cctv,cctv evidence collected at scene,2025-02-13 00:00:00,EVD-362-2
421,363,cctv,cctv evidence collected at scene,2026-06-02 00:00:00,EVD-363-0
422,364,digital,digital evidence collected at scene,2026-06-03 00:00:00,EVD-364-0
423,365,cctv,cctv evidence collected at scene,2025-07-04 00:00:00,EVD-365-0
424,365,cctv,cctv evidence collected at scene,2025-07-04 00:00:00,EVD-365-1
425,367,digital,digital evidence collected at scene,2025-05-31 00:00:00,EVD-367-0
426,367,document,document evidence collected at scene,2025-05-31 00:00:00,EVD-367-1
427,368,cctv,cctv evidence collected at scene,2025-11-06 00:00:00,EVD-368-0
428,368,cctv,cctv evidence collected at scene,2025-11-06 00:00:00,EVD-368-1
429,368,document,document evidence collected at scene,2025-11-06 00:00:00,EVD-368-2
430,369,digital,digital evidence collected at scene,2026-02-18 00:00:00,EVD-369-0
431,369,document,document evidence collected at scene,2026-02-18 00:00:00,EVD-369-1
432,369,cctv,cctv evidence collected at scene,2026-02-18 00:00:00,EVD-369-2
433,371,digital,digital evidence collected at scene,2025-02-13 00:00:00,EVD-371-0
434,372,forensic,forensic evidence collected at scene,2025-05-25 00:00:00,EVD-372-0
435,373,forensic,forensic evidence collected at scene,2026-02-24 00:00:00,EVD-373-0
436,373,forensic,forensic evidence collected at scene,2026-02-24 00:00:00,EVD-373-1
437,374,physical,physical evidence collected at scene,2026-07-01 00:00:00,EVD-374-0
438,374,document,document evidence collected at scene,2026-07-01 00:00:00,EVD-374-1
439,376,forensic,forensic evidence collected at scene,2025-10-17 00:00:00,EVD-376-0
440,377,forensic,forensic evidence collected at scene,2026-02-19 00:00:00,EVD-377-0
441,378,physical,physical evidence collected at scene,2025-06-19 00:00:00,EVD-378-0
442,378,document,document evidence collected at scene,2025-06-19 00:00:00,EVD-378-1
443,378,document,document evidence collected at scene,2025-06-19 00:00:00,EVD-378-2
444,379,forensic,forensic evidence collected at scene,2026-02-27 00:00:00,EVD-379-0
445,380,physical,physical evidence collected at scene,2025-07-09 00:00:00,EVD-380-0
446,380,cctv,cctv evidence collected at scene,2025-07-09 00:00:00,EVD-380-1
447,381,cctv,cctv evidence collected at scene,2026-02-25 00:00:00,EVD-381-0
448,381,digital,digital evidence collected at scene,2026-02-25 00:00:00,EVD-381-1
449,382,cctv,cctv evidence collected at scene,2026-05-26 00:00:00,EVD-382-0
450,382,physical,physical evidence collected at scene,2026-05-26 00:00:00,EVD-382-1
451,383,forensic,forensic evidence collected at scene,2026-05-14 00:00:00,EVD-383-0
452,385,physical,physical evidence collected at scene,2025-05-09 00:00:00,EVD-385-0
453,385,document,document evidence collected at scene,2025-05-09 00:00:00,EVD-385-1
454,385,cctv,cctv evidence collected at scene,2025-05-09 00:00:00,EVD-385-2
455,386,document,document evidence collected at scene,2026-01-18 00:00:00,EVD-386-0
456,387,document,document evidence collected at scene,2026-04-14 00:00:00,EVD-387-0
457,387,forensic,forensic evidence collected at scene,2026-04-14 00:00:00,EVD-387-1
458,388,cctv,cctv evidence collected at scene,2026-05-25 00:00:00,EVD-388-0
459,389,digital,digital evidence collected at scene,2026-06-12 00:00:00,EVD-389-0
460,389,cctv,cctv evidence collected at scene,2026-06-12 00:00:00,EVD-389-1
461,390,digital,digital evidence collected at scene,2026-04-14 00:00:00,EVD-390-0
462,393,digital,digital evidence collected at scene,2025-07-10 00:00:00,EVD-393-0
463,394,forensic,forensic evidence collected at scene,2025-08-16 00:00:00,EVD-394-0
464,395,document,document evidence collected at scene,2026-06-02 00:00:00,EVD-395-0
465,395,physical,physical evidence collected at scene,2026-06-02 00:00:00,EVD-395-1
466,395,physical,physical evidence collected at scene,2026-06-02 00:00:00,EVD-395-2
467,396,cctv,cctv evidence collected at scene,2026-07-14 00:00:00,EVD-396-0
468,396,forensic,forensic evidence collected at scene,2026-07-14 00:00:00,EVD-396-1
469,397,physical,physical evidence collected at scene,2026-06-21 00:00:00,EVD-397-0
470,397,cctv,cctv evidence collected at scene,2026-06-21 00:00:00,EVD-397-1
471,397,physical,physical evidence collected at scene,2026-06-21 00:00:00,EVD-397-2
472,398,digital,digital evidence collected at scene,2026-05-19 00:00:00,EVD-398-0
473,400,physical,physical evidence collected at scene,2025-02-08 00:00:00,EVD-400-0
474,400,document,document evidence collected at scene,2025-02-08 00:00:00,EVD-400-1
475,401,digital,digital evidence collected at scene,2026-07-11 00:00:00,EVD-401-0
476,404,digital,digital evidence collected at scene,2026-02-17 00:00:00,EVD-404-0
477,406,cctv,cctv evidence collected at scene,2026-03-05 00:00:00,EVD-406-0
478,406,physical,physical evidence collected at scene,2026-03-05 00:00:00,EVD-406-1
479,407,forensic,forensic evidence collected at scene,2026-05-28 00:00:00,EVD-407-0
480,408,cctv,cctv evidence collected at scene,2026-03-21 00:00:00,EVD-408-0
481,409,forensic,forensic evidence collected at scene,2025-11-06 00:00:00,EVD-409-0
482,409,digital,digital evidence collected at scene,2025-11-06 00:00:00,EVD-409-1
483,410,forensic,forensic evidence collected at scene,2025-05-01 00:00:00,EVD-410-0
484,410,document,document evidence collected at scene,2025-05-01 00:00:00,EVD-410-1
485,411,physical,physical evidence collected at scene,2026-01-26 00:00:00,EVD-411-0
486,411,document,document evidence collected at scene,2026-01-26 00:00:00,EVD-411-1
487,412,digital,digital evidence collected at scene,2026-03-21 00:00:00,EVD-412-0
488,413,physical,physical evidence collected at scene,2026-03-04 00:00:00,EVD-413-0
489,413,physical,physical evidence collected at scene,2026-03-04 00:00:00,EVD-413-1
490,414,document,document evidence collected at scene,2026-02-13 00:00:00,EVD-414-0
491,414,forensic,forensic evidence collected at scene,2026-02-13 00:00:00,EVD-414-1
492,415,document,document evidence collected at scene,2026-06-08 00:00:00,EVD-415-0
493,415,cctv,cctv evidence collected at scene,2026-06-08 00:00:00,EVD-415-1
494,416,document,document evidence collected at scene,2026-07-08 00:00:00,EVD-416-0
495,417,document,document evidence collected at scene,2026-03-11 00:00:00,EVD-417-0
496,419,digital,digital evidence collected at scene,2025-08-21 00:00:00,EVD-419-0
497,419,digital,digital evidence collected at scene,2025-08-21 00:00:00,EVD-419-1
498,420,cctv,cctv evidence collected at scene,2026-01-02 00:00:00,EVD-420-0
499,421,document,document evidence collected at scene,2025-03-20 00:00:00,EVD-421-0
500,422,digital,digital evidence collected at scene,2025-06-02 00:00:00,EVD-422-0
501,423,cctv,cctv evidence collected at scene,2026-05-24 00:00:00,EVD-423-0
502,423,cctv,cctv evidence collected at scene,2026-05-24 00:00:00,EVD-423-1
503,423,cctv,cctv evidence collected at scene,2026-05-24 00:00:00,EVD-423-2
504,424,cctv,cctv evidence collected at scene,2025-06-20 00:00:00,EVD-424-0
505,425,document,document evidence collected at scene,2025-06-05 00:00:00,EVD-425-0
506,425,digital,digital evidence collected at scene,2025-06-05 00:00:00,EVD-425-1
507,425,cctv,cctv evidence collected at scene,2025-06-05 00:00:00,EVD-425-2
508,426,digital,digital evidence collected at scene,2025-08-19 00:00:00,EVD-426-0
509,427,physical,physical evidence collected at scene,2026-01-27 00:00:00,EVD-427-0
510,428,document,document evidence collected at scene,2026-01-21 00:00:00,EVD-428-0
511,431,forensic,forensic evidence collected at scene,2026-05-07 00:00:00,EVD-431-0
512,433,document,document evidence collected at scene,2025-06-12 00:00:00,EVD-433-0
513,435,physical,physical evidence collected at scene,2026-03-20 00:00:00,EVD-435-0
514,437,digital,digital evidence collected at scene,2025-09-16 00:00:00,EVD-437-0
515,438,digital,digital evidence collected at scene,2026-05-27 00:00:00,EVD-438-0
516,439,cctv,cctv evidence collected at scene,2025-03-10 00:00:00,EVD-439-0
517,439,forensic,forensic evidence collected at scene,2025-03-10 00:00:00,EVD-439-1
518,439,forensic,forensic evidence collected at scene,2025-03-10 00:00:00,EVD-439-2
519,440,forensic,forensic evidence collected at scene,2026-04-29 00:00:00,EVD-440-0
520,440,digital,digital evidence collected at scene,2026-04-29 00:00:00,EVD-440-1
521,441,physical,physical evidence collected at scene,2026-07-01 00:00:00,EVD-441-0
522,442,digital,digital evidence collected at scene,2026-06-12 00:00:00,EVD-442-0
523,442,cctv,cctv evidence collected at scene,2026-06-12 00:00:00,EVD-442-1
524,442,forensic,forensic evidence collected at scene,2026-06-12 00:00:00,EVD-442-2
525,445,digital,digital evidence collected at scene,2026-03-23 00:00:00,EVD-445-0
526,445,document,document evidence collected at scene,2026-03-23 00:00:00,EVD-445-1
527,447,forensic,forensic evidence collected at scene,2025-12-02 00:00:00,EVD-447-0
528,448,forensic,forensic evidence collected at scene,2025-09-09 00:00:00,EVD-448-0
529,448,physical,physical evidence collected at scene,2025-09-09 00:00:00,EVD-448-1
530,448,document,document evidence collected at scene,2025-09-09 00:00:00,EVD-448-2
531,449,forensic,forensic evidence collected at scene,2026-05-04 00:00:00,EVD-449-0
532,450,digital,digital evidence collected at scene,2026-03-18 00:00:00,EVD-450-0
533,450,document,document evidence collected at scene,2026-03-18 00:00:00,EVD-450-1
534,451,physical,physical evidence collected at scene,2025-04-21 00:00:00,EVD-451-0
535,452,physical,physical evidence collected at scene,2026-06-12 00:00:00,EVD-452-0
536,453,physical,physical evidence collected at scene,2026-06-29 00:00:00,EVD-453-0
537,453,cctv,cctv evidence collected at scene,2026-06-29 00:00:00,EVD-453-1
538,453,document,document evidence collected at scene,2026-06-29 00:00:00,EVD-453-2
539,454,digital,digital evidence collected at scene,2025-03-07 00:00:00,EVD-454-0
540,455,cctv,cctv evidence collected at scene,2025-08-04 00:00:00,EVD-455-0
541,458,digital,digital evidence collected at scene,2026-05-14 00:00:00,EVD-458-0
542,458,physical,physical evidence collected at scene,2026-05-14 00:00:00,EVD-458-1
543,459,physical,physical evidence collected at scene,2025-09-27 00:00:00,EVD-459-0
544,460,forensic,forensic evidence collected at scene,2026-07-05 00:00:00,EVD-460-0
545,460,forensic,forensic evidence collected at scene,2026-07-05 00:00:00,EVD-460-1
546,461,physical,physical evidence collected at scene,2026-05-09 00:00:00,EVD-461-0
547,461,forensic,forensic evidence collected at scene,2026-05-09 00:00:00,EVD-461-1
548,461,digital,digital evidence collected at scene,2026-05-09 00:00:00,EVD-461-2
549,462,cctv,cctv evidence collected at scene,2026-01-18 00:00:00,EVD-462-0
550,462,document,document evidence collected at scene,2026-01-18 00:00:00,EVD-462-1
551,463,digital,digital evidence collected at scene,2026-07-13 00:00:00,EVD-463-0
552,463,digital,digital evidence collected at scene,2026-07-13 00:00:00,EVD-463-1
553,464,document,document evidence collected at scene,2026-05-08 00:00:00,EVD-464-0
554,465,physical,physical evidence collected at scene,2026-06-15 00:00:00,EVD-465-0
555,466,physical,physical evidence collected at scene,2026-03-23 00:00:00,EVD-466-0
556,467,forensic,forensic evidence collected at scene,2026-01-16 00:00:00,EVD-467-0
557,467,physical,physical evidence collected at scene,2026-01-16 00:00:00,EVD-467-1
558,468,physical,physical evidence collected at scene,2026-05-27 00:00:00,EVD-468-0
559,469,document,document evidence collected at scene,2026-01-02 00:00:00,EVD-469-0
560,470,document,document evidence collected at scene,2026-03-01 00:00:00,EVD-470-0
561,471,document,document evidence collected at scene,2025-08-08 00:00:00,EVD-471-0
562,471,physical,physical evidence collected at scene,2025-08-08 00:00:00,EVD-471-1
563,471,forensic,forensic evidence collected at scene,2025-08-08 00:00:00,EVD-471-2
564,473,cctv,cctv evidence collected at scene,2026-06-02 00:00:00,EVD-473-0
565,474,document,document evidence collected at scene,2026-07-04 00:00:00,EVD-474-0
566,474,cctv,cctv evidence collected at scene,2026-07-04 00:00:00,EVD-474-1
567,476,forensic,forensic evidence collected at scene,2026-07-14 00:00:00,EVD-476-0
568,476,cctv,cctv evidence collected at scene,2026-07-14 00:00:00,EVD-476-1
569,476,digital,digital evidence collected at scene,2026-07-14 00:00:00,EVD-476-2
570,477,document,document evidence collected at scene,2026-03-28 00:00:00,EVD-477-0
571,478,document,document evidence collected at scene,2026-02-08 00:00:00,EVD-478-0
572,479,digital,digital evidence collected at scene,2026-05-31 00:00:00,EVD-479-0
573,479,physical,physical evidence collected at scene,2026-05-31 00:00:00,EVD-479-1
574,482,cctv,cctv evidence collected at scene,2026-04-11 00:00:00,EVD-482-0
575,482,document,document evidence collected at scene,2026-04-11 00:00:00,EVD-482-1
576,482,document,document evidence collected at scene,2026-04-11 00:00:00,EVD-482-2
577,483,forensic,forensic evidence collected at scene,2026-04-10 00:00:00,EVD-483-0
578,483,document,document evidence collected at scene,2026-04-10 00:00:00,EVD-483-1
579,484,digital,digital evidence collected at scene,2026-05-20 00:00:00,EVD-484-0
580,484,physical,physical evidence collected at scene,2026-05-20 00:00:00,EVD-484-1
581,484,document,document evidence collected at scene,2026-05-20 00:00:00,EVD-484-2
582,485,physical,physical evidence collected at scene,2026-03-18 00:00:00,EVD-485-0
583,485,forensic,forensic evidence collected at scene,2026-03-18 00:00:00,EVD-485-1
584,486,digital,digital evidence collected at scene,2026-06-12 00:00:00,EVD-486-0
585,486,forensic,forensic evidence collected at scene,2026-06-12 00:00:00,EVD-486-1
586,486,forensic,forensic evidence collected at scene,2026-06-12 00:00:00,EVD-486-2
587,487,forensic,forensic evidence collected at scene,2025-07-16 00:00:00,EVD-487-0
588,488,document,document evidence collected at scene,2025-08-17 00:00:00,EVD-488-0
589,488,physical,physical evidence collected at scene,2025-08-17 00:00:00,EVD-488-1
590,489,forensic,forensic evidence collected at scene,2025-09-21 00:00:00,EVD-489-0
591,489,forensic,forensic evidence collected at scene,2025-09-21 00:00:00,EVD-489-1
592,489,document,document evidence collected at scene,2025-09-21 00:00:00,EVD-489-2
593,490,physical,physical evidence collected at scene,2025-03-02 00:00:00,EVD-490-0
594,490,cctv,cctv evidence collected at scene,2025-03-02 00:00:00,EVD-490-1
595,490,document,document evidence collected at scene,2025-03-02 00:00:00,EVD-490-2
596,492,document,document evidence collected at scene,2026-01-30 00:00:00,EVD-492-0
597,492,digital,digital evidence collected at scene,2026-01-30 00:00:00,EVD-492-1
598,493,digital,digital evidence collected at scene,2026-02-24 00:00:00,EVD-493-0
599,493,digital,digital evidence collected at scene,2026-02-24 00:00:00,EVD-493-1
600,494,physical,physical evidence collected at scene,2025-09-01 00:00:00,EVD-494-0
601,496,document,document evidence collected at scene,2026-01-21 00:00:00,EVD-496-0
602,498,cctv,cctv evidence collected at scene,2025-10-25 00:00:00,EVD-498-0
603,498,cctv,cctv evidence collected at scene,2025-10-25 00:00:00,EVD-498-1
604,500,physical,physical evidence collected at scene,2026-04-22 00:00:00,EVD-500-0
605,500,document,document evidence collected at scene,2026-04-22 00:00:00,EVD-500-1
