id,source_type,source_id,target_type,target_id,rel_type,confidence,frequency,note
1,criminal,62,fir,1,involved_in,0.9,1,
2,criminal,65,fir,1,involved_in,0.9,1,
3,criminal,69,fir,3,involved_in,0.9,1,
4,criminal,38,fir,4,involved_in,0.9,1,
5,criminal,9,fir,4,involved_in,0.9,1,
6,criminal,6,fir,4,involved_in,0.9,1,
7,criminal,64,fir,6,involved_in,0.9,1,
8,criminal,21,fir,6,involved_in,0.9,1,
9,criminal,61,fir,7,involved_in,0.9,1,
10,criminal,29,fir,7,involved_in,0.9,1,
11,criminal,61,fir,9,involved_in,0.9,1,
12,criminal,28,fir,9,involved_in,0.9,1,
13,criminal,35,fir,13,involved_in,0.9,1,
14,criminal,65,fir,13,involved_in,0.9,1,
15,criminal,66,fir,13,involved_in,0.9,1,
16,criminal,41,fir,15,involved_in,0.9,1,
17,criminal,19,fir,15,involved_in,0.9,1,
18,criminal,24,fir,15,involved_in,0.9,1,
19,criminal,3,fir,17,involved_in,0.9,1,
20,criminal,9,fir,17,involved_in,0.9,1,
21,criminal,5,fir,17,involved_in,0.9,1,
22,criminal,64,fir,20,involved_in,0.9,1,
23,criminal,65,fir,23,involved_in,0.9,1,
24,criminal,26,fir,23,involved_in,0.9,1,
25,criminal,45,fir,24,involved_in,0.9,1,
26,criminal,69,fir,25,involved_in,0.9,1,
27,criminal,18,fir,25,involved_in,0.9,1,
28,criminal,8,fir,27,involved_in,0.9,1,
29,criminal,23,fir,28,involved_in,0.9,1,
30,criminal,5,fir,29,involved_in,0.9,1,
31,criminal,30,fir,29,involved_in,0.9,1,
32,criminal,34,fir,29,involved_in,0.9,1,
33,criminal,63,fir,30,involved_in,0.9,1,
34,criminal,22,fir,31,involved_in,0.9,1,
35,criminal,34,fir,31,involved_in,0.9,1,
36,criminal,39,fir,32,involved_in,0.9,1,
37,criminal,43,fir,32,involved_in,0.9,1,
38,criminal,69,fir,32,involved_in,0.9,1,
39,criminal,50,fir,33,involved_in,0.9,1,
40,criminal,51,fir,33,involved_in,0.9,1,
41,criminal,54,fir,34,involved_in,0.9,1,
42,criminal,67,fir,34,involved_in,0.9,1,
43,criminal,24,fir,35,involved_in,0.9,1,
44,criminal,65,fir,35,involved_in,0.9,1,
45,criminal,49,fir,35,involved_in,0.9,1,
46,criminal,55,fir,36,involved_in,0.9,1,
47,criminal,38,fir,37,involved_in,0.9,1,
48,criminal,50,fir,37,involved_in,0.9,1,
49,criminal,64,fir,37,involved_in,0.9,1,
50,criminal,13,fir,39,involved_in,0.9,1,
51,criminal,6,fir,39,involved_in,0.9,1,
52,criminal,59,fir,40,involved_in,0.9,1,
53,criminal,68,fir,40,involved_in,0.9,1,
54,criminal,26,fir,42,involved_in,0.9,1,
55,criminal,59,fir,42,involved_in,0.9,1,
56,criminal,69,fir,42,involved_in,0.9,1,
57,criminal,64,fir,43,involved_in,0.9,1,
58,criminal,7,fir,43,involved_in,0.9,1,
59,criminal,27,fir,43,involved_in,0.9,1,
60,criminal,26,fir,44,involved_in,0.9,1,
61,criminal,64,fir,44,involved_in,0.9,1,
62,criminal,32,fir,44,involved_in,0.9,1,
63,criminal,32,fir,45,involved_in,0.9,1,
64,criminal,10,fir,46,involved_in,0.9,1,
65,criminal,26,fir,46,involved_in,0.9,1,
66,criminal,65,fir,46,involved_in,0.9,1,
67,criminal,43,fir,47,involved_in,0.9,1,
68,criminal,65,fir,47,involved_in,0.9,1,
69,criminal,66,fir,48,involved_in,0.9,1,
70,criminal,40,fir,49,involved_in,0.9,1,
71,criminal,10,fir,50,involved_in,0.9,1,
72,criminal,65,fir,50,involved_in,0.9,1,
73,criminal,35,fir,52,involved_in,0.9,1,
74,criminal,50,fir,53,involved_in,0.9,1,
75,criminal,36,fir,53,involved_in,0.9,1,
76,criminal,16,fir,54,involved_in,0.9,1,
77,criminal,7,fir,55,involved_in,0.9,1,
78,criminal,5,fir,55,involved_in,0.9,1,
79,criminal,25,fir,55,involved_in,0.9,1,
80,criminal,51,fir,56,involved_in,0.9,1,
81,criminal,23,fir,59,involved_in,0.9,1,
82,criminal,23,fir,60,involved_in,0.9,1,
83,criminal,27,fir,60,involved_in,0.9,1,
84,criminal,6,fir,60,involved_in,0.9,1,
85,criminal,41,fir,61,involved_in,0.9,1,
86,criminal,44,fir,61,involved_in,0.9,1,
87,criminal,60,fir,62,involved_in,0.9,1,
88,criminal,40,fir,64,involved_in,0.9,1,
89,criminal,1,fir,65,involved_in,0.9,1,
90,criminal,35,fir,65,involved_in,0.9,1,
91,criminal,64,fir,65,involved_in,0.9,1,
92,criminal,24,fir,66,involved_in,0.9,1,
93,criminal,56,fir,67,involved_in,0.9,1,
94,criminal,29,fir,67,involved_in,0.9,1,
95,criminal,50,fir,68,involved_in,0.9,1,
96,criminal,9,fir,68,involved_in,0.9,1,
97,criminal,25,fir,72,involved_in,0.9,1,
98,criminal,12,fir,73,involved_in,0.9,1,
99,criminal,38,fir,73,involved_in,0.9,1,
100,criminal,40,fir,73,involved_in,0.9,1,
101,criminal,30,fir,74,involved_in,0.9,1,
102,criminal,34,fir,74,involved_in,0.9,1,
103,criminal,23,fir,75,involved_in,0.9,1,
104,criminal,42,fir,75,involved_in,0.9,1,
105,criminal,58,fir,76,involved_in,0.9,1,
106,criminal,5,fir,76,involved_in,0.9,1,
107,criminal,27,fir,77,involved_in,0.9,1,
108,criminal,9,fir,77,involved_in,0.9,1,
109,criminal,46,fir,77,involved_in,0.9,1,
110,criminal,66,fir,78,involved_in,0.9,1,
111,criminal,43,fir,79,involved_in,0.9,1,
112,criminal,34,fir,80,involved_in,0.9,1,
113,criminal,44,fir,81,involved_in,0.9,1,
114,criminal,5,fir,81,involved_in,0.9,1,
115,criminal,5,fir,83,involved_in,0.9,1,
116,criminal,57,fir,83,involved_in,0.9,1,
117,criminal,1,fir,83,involved_in,0.9,1,
118,criminal,18,fir,84,involved_in,0.9,1,
119,criminal,67,fir,84,involved_in,0.9,1,
120,criminal,48,fir,86,involved_in,0.9,1,
121,criminal,45,fir,86,involved_in,0.9,1,
122,criminal,30,fir,86,involved_in,0.9,1,
123,criminal,22,fir,87,involved_in,0.9,1,
124,criminal,61,fir,92,involved_in,0.9,1,
125,criminal,44,fir,92,involved_in,0.9,1,
126,criminal,1,fir,92,involved_in,0.9,1,
127,criminal,39,fir,93,involved_in,0.9,1,
128,criminal,31,fir,93,involved_in,0.9,1,
129,criminal,15,fir,93,involved_in,0.9,1,
130,criminal,45,fir,94,involved_in,0.9,1,
131,criminal,16,fir,94,involved_in,0.9,1,
132,criminal,15,fir,95,involved_in,0.9,1,
133,criminal,23,fir,95,involved_in,0.9,1,
134,criminal,62,fir,97,involved_in,0.9,1,
135,criminal,40,fir,97,involved_in,0.9,1,
136,criminal,42,fir,98,involved_in,0.9,1,
137,criminal,23,fir,98,involved_in,0.9,1,
138,criminal,47,fir,100,involved_in,0.9,1,
139,criminal,53,fir,100,involved_in,0.9,1,
140,criminal,1,fir,100,involved_in,0.9,1,
141,criminal,20,fir,101,involved_in,0.9,1,
142,criminal,63,fir,101,involved_in,0.9,1,
143,criminal,66,fir,101,involved_in,0.9,1,
144,criminal,43,fir,102,involved_in,0.9,1,
145,criminal,65,fir,102,involved_in,0.9,1,
146,criminal,18,fir,103,involved_in,0.9,1,
147,criminal,63,fir,104,involved_in,0.9,1,
148,criminal,9,fir,104,involved_in,0.9,1,
149,criminal,40,fir,104,involved_in,0.9,1,
150,criminal,9,fir,105,involved_in,0.9,1,
151,criminal,37,fir,106,involved_in,0.9,1,
152,criminal,69,fir,107,involved_in,0.9,1,
153,criminal,60,fir,108,involved_in,0.9,1,
154,criminal,27,fir,108,involved_in,0.9,1,
155,criminal,65,fir,109,involved_in,0.9,1,
156,criminal,60,fir,110,involved_in,0.9,1,
157,criminal,62,fir,110,involved_in,0.9,1,
158,criminal,23,fir,111,involved_in,0.9,1,
159,criminal,64,fir,111,involved_in,0.9,1,
160,criminal,53,fir,111,involved_in,0.9,1,
161,criminal,46,fir,112,involved_in,0.9,1,
162,criminal,25,fir,114,involved_in,0.9,1,
163,criminal,45,fir,115,involved_in,0.9,1,
164,criminal,20,fir,115,involved_in,0.9,1,
165,criminal,34,fir,115,involved_in,0.9,1,
166,criminal,39,fir,116,involved_in,0.9,1,
167,criminal,69,fir,116,involved_in,0.9,1,
168,criminal,23,fir,118,involved_in,0.9,1,
169,criminal,32,fir,119,involved_in,0.9,1,
170,criminal,18,fir,119,involved_in,0.9,1,
171,criminal,5,fir,120,involved_in,0.9,1,
172,criminal,30,fir,120,involved_in,0.9,1,
173,criminal,39,fir,121,involved_in,0.9,1,
174,criminal,33,fir,122,involved_in,0.9,1,
175,criminal,35,fir,123,involved_in,0.9,1,
176,criminal,17,fir,123,involved_in,0.9,1,
177,criminal,51,fir,124,involved_in,0.9,1,
178,criminal,35,fir,124,involved_in,0.9,1,
179,criminal,17,fir,124,involved_in,0.9,1,
180,criminal,56,fir,126,involved_in,0.9,1,
181,criminal,69,fir,126,involved_in,0.9,1,
182,criminal,56,fir,127,involved_in,0.9,1,
183,criminal,1,fir,130,involved_in,0.9,1,
184,criminal,6,fir,130,involved_in,0.9,1,
185,criminal,5,fir,130,involved_in,0.9,1,
186,criminal,35,fir,132,involved_in,0.9,1,
187,criminal,10,fir,133,involved_in,0.9,1,
188,criminal,26,fir,133,involved_in,0.9,1,
189,criminal,35,fir,133,involved_in,0.9,1,
190,criminal,43,fir,134,involved_in,0.9,1,
191,criminal,61,fir,138,involved_in,0.9,1,
192,criminal,17,fir,139,involved_in,0.9,1,
193,criminal,6,fir,139,involved_in,0.9,1,
194,criminal,56,fir,140,involved_in,0.9,1,
195,criminal,18,fir,140,involved_in,0.9,1,
196,criminal,14,fir,141,involved_in,0.9,1,
197,criminal,51,fir,141,involved_in,0.9,1,
198,criminal,64,fir,142,involved_in,0.9,1,
199,criminal,28,fir,142,involved_in,0.9,1,
200,criminal,1,fir,144,involved_in,0.9,1,
201,criminal,11,fir,147,involved_in,0.9,1,
202,criminal,35,fir,147,involved_in,0.9,1,
203,criminal,66,fir,147,involved_in,0.9,1,
204,criminal,20,fir,148,involved_in,0.9,1,
205,criminal,48,fir,148,involved_in,0.9,1,
206,criminal,1,fir,148,involved_in,0.9,1,
207,criminal,44,fir,149,involved_in,0.9,1,
208,criminal,21,fir,150,involved_in,0.9,1,
209,criminal,67,fir,151,involved_in,0.9,1,
210,criminal,33,fir,151,involved_in,0.9,1,
211,criminal,51,fir,154,involved_in,0.9,1,
212,criminal,50,fir,154,involved_in,0.9,1,
213,criminal,17,fir,154,involved_in,0.9,1,
214,criminal,26,fir,155,involved_in,0.9,1,
215,criminal,11,fir,155,involved_in,0.9,1,
216,criminal,65,fir,155,involved_in,0.9,1,
217,criminal,38,fir,156,involved_in,0.9,1,
218,criminal,31,fir,158,involved_in,0.9,1,
219,criminal,35,fir,158,involved_in,0.9,1,
220,criminal,38,fir,158,involved_in,0.9,1,
221,criminal,24,fir,159,involved_in,0.9,1,
222,criminal,35,fir,159,involved_in,0.9,1,
223,criminal,46,fir,160,involved_in,0.9,1,
224,criminal,24,fir,161,involved_in,0.9,1,
225,criminal,44,fir,161,involved_in,0.9,1,
226,criminal,35,fir,162,involved_in,0.9,1,
227,criminal,41,fir,162,involved_in,0.9,1,
228,criminal,60,fir,162,involved_in,0.9,1,
229,criminal,24,fir,163,involved_in,0.9,1,
230,criminal,3,fir,163,involved_in,0.9,1,
231,criminal,61,fir,165,involved_in,0.9,1,
232,criminal,48,fir,166,involved_in,0.9,1,
233,criminal,12,fir,166,involved_in,0.9,1,
234,criminal,15,fir,167,involved_in,0.9,1,
235,criminal,65,fir,168,involved_in,0.9,1,
236,criminal,21,fir,168,involved_in,0.9,1,
237,criminal,38,fir,168,involved_in,0.9,1,
238,criminal,49,fir,169,involved_in,0.9,1,
239,criminal,64,fir,169,involved_in,0.9,1,
240,criminal,34,fir,170,involved_in,0.9,1,
241,criminal,66,fir,170,involved_in,0.9,1,
242,criminal,55,fir,171,involved_in,0.9,1,
243,criminal,18,fir,171,involved_in,0.9,1,
244,criminal,29,fir,172,involved_in,0.9,1,
245,criminal,66,fir,172,involved_in,0.9,1,
246,criminal,37,fir,173,involved_in,0.9,1,
247,criminal,66,fir,173,involved_in,0.9,1,
248,criminal,26,fir,174,involved_in,0.9,1,
249,criminal,22,fir,175,involved_in,0.9,1,
250,criminal,40,fir,175,involved_in,0.9,1,
251,criminal,55,fir,176,involved_in,0.9,1,
252,criminal,13,fir,176,involved_in,0.9,1,
253,criminal,9,fir,177,involved_in,0.9,1,
254,criminal,47,fir,177,involved_in,0.9,1,
255,criminal,15,fir,179,involved_in,0.9,1,
256,criminal,63,fir,180,involved_in,0.9,1,
257,criminal,49,fir,181,involved_in,0.9,1,
258,criminal,35,fir,182,involved_in,0.9,1,
259,criminal,41,fir,186,involved_in,0.9,1,
260,criminal,65,fir,187,involved_in,0.9,1,
261,criminal,26,fir,187,involved_in,0.9,1,
262,criminal,41,fir,188,involved_in,0.9,1,
263,criminal,26,fir,188,involved_in,0.9,1,
264,criminal,53,fir,188,involved_in,0.9,1,
265,criminal,14,fir,190,involved_in,0.9,1,
266,criminal,7,fir,191,involved_in,0.9,1,
267,criminal,56,fir,193,involved_in,0.9,1,
268,criminal,28,fir,193,involved_in,0.9,1,
269,criminal,16,fir,193,involved_in,0.9,1,
270,criminal,10,fir,194,involved_in,0.9,1,
271,criminal,69,fir,194,involved_in,0.9,1,
272,criminal,64,fir,194,involved_in,0.9,1,
273,criminal,65,fir,195,involved_in,0.9,1,
274,criminal,35,fir,195,involved_in,0.9,1,
275,criminal,6,fir,196,involved_in,0.9,1,
276,criminal,37,fir,196,involved_in,0.9,1,
277,criminal,58,fir,196,involved_in,0.9,1,
278,criminal,11,fir,197,involved_in,0.9,1,
279,criminal,33,fir,198,involved_in,0.9,1,
280,criminal,68,fir,198,involved_in,0.9,1,
281,criminal,53,fir,199,involved_in,0.9,1,
282,criminal,47,fir,199,involved_in,0.9,1,
283,criminal,55,fir,201,involved_in,0.9,1,
284,criminal,53,fir,202,involved_in,0.9,1,
285,criminal,17,fir,203,involved_in,0.9,1,
286,criminal,44,fir,203,involved_in,0.9,1,
287,criminal,34,fir,203,involved_in,0.9,1,
288,criminal,64,fir,204,involved_in,0.9,1,
289,criminal,1,fir,204,involved_in,0.9,1,
290,criminal,6,fir,204,involved_in,0.9,1,
291,criminal,28,fir,205,involved_in,0.9,1,
292,criminal,2,fir,205,involved_in,0.9,1,
293,criminal,69,fir,205,involved_in,0.9,1,
294,criminal,41,fir,206,involved_in,0.9,1,
295,criminal,38,fir,206,involved_in,0.9,1,
296,criminal,7,fir,206,involved_in,0.9,1,
297,criminal,41,fir,207,involved_in,0.9,1,
298,criminal,12,fir,208,involved_in,0.9,1,
299,criminal,52,fir,209,involved_in,0.9,1,
300,criminal,66,fir,209,involved_in,0.9,1,
301,criminal,51,fir,209,involved_in,0.9,1,
302,criminal,47,fir,210,involved_in,0.9,1,
303,criminal,36,fir,211,involved_in,0.9,1,
304,criminal,41,fir,211,involved_in,0.9,1,
305,criminal,63,fir,212,involved_in,0.9,1,
306,criminal,34,fir,216,involved_in,0.9,1,
307,criminal,5,fir,216,involved_in,0.9,1,
308,criminal,18,fir,216,involved_in,0.9,1,
309,criminal,30,fir,217,involved_in,0.9,1,
310,criminal,58,fir,218,involved_in,0.9,1,
311,criminal,22,fir,219,involved_in,0.9,1,
312,criminal,30,fir,219,involved_in,0.9,1,
313,criminal,47,fir,220,involved_in,0.9,1,
314,criminal,58,fir,220,involved_in,0.9,1,
315,criminal,5,fir,220,involved_in,0.9,1,
316,criminal,9,fir,221,involved_in,0.9,1,
317,criminal,42,fir,222,involved_in,0.9,1,
318,criminal,34,fir,222,involved_in,0.9,1,
319,criminal,43,fir,223,involved_in,0.9,1,
320,criminal,35,fir,223,involved_in,0.9,1,
321,criminal,11,fir,223,involved_in,0.9,1,
322,criminal,53,fir,224,involved_in,0.9,1,
323,criminal,43,fir,224,involved_in,0.9,1,
324,criminal,51,fir,225,involved_in,0.9,1,
325,criminal,33,fir,225,involved_in,0.9,1,
326,criminal,15,fir,226,involved_in,0.9,1,
327,criminal,60,fir,226,involved_in,0.9,1,
328,criminal,3,fir,226,involved_in,0.9,1,
329,criminal,31,fir,228,involved_in,0.9,1,
330,criminal,50,fir,228,involved_in,0.9,1,
331,criminal,6,fir,231,involved_in,0.9,1,
332,criminal,4,fir,231,involved_in,0.9,1,
333,criminal,50,fir,232,involved_in,0.9,1,
334,criminal,70,fir,234,involved_in,0.9,1,
335,criminal,69,fir,234,involved_in,0.9,1,
336,criminal,11,fir,236,involved_in,0.9,1,
337,criminal,23,fir,238,involved_in,0.9,1,
338,criminal,27,fir,238,involved_in,0.9,1,
339,criminal,26,fir,239,involved_in,0.9,1,
340,criminal,37,fir,239,involved_in,0.9,1,
341,criminal,12,fir,239,involved_in,0.9,1,
342,criminal,14,fir,240,involved_in,0.9,1,
343,criminal,27,fir,241,involved_in,0.9,1,
344,criminal,6,fir,241,involved_in,0.9,1,
345,criminal,24,fir,242,involved_in,0.9,1,
346,criminal,69,fir,242,involved_in,0.9,1,
347,criminal,30,fir,243,involved_in,0.9,1,
348,criminal,42,fir,243,involved_in,0.9,1,
349,criminal,15,fir,243,involved_in,0.9,1,
350,criminal,20,fir,244,involved_in,0.9,1,
351,criminal,44,fir,244,involved_in,0.9,1,
352,criminal,62,fir,244,involved_in,0.9,1,
353,criminal,30,fir,245,involved_in,0.9,1,
354,criminal,63,fir,245,involved_in,0.9,1,
355,criminal,23,fir,245,involved_in,0.9,1,
356,criminal,45,fir,246,involved_in,0.9,1,
357,criminal,66,fir,247,involved_in,0.9,1,
358,criminal,22,fir,250,involved_in,0.9,1,
359,criminal,3,fir,250,involved_in,0.9,1,
360,criminal,30,fir,250,involved_in,0.9,1,
361,criminal,39,fir,251,involved_in,0.9,1,
362,criminal,16,fir,251,involved_in,0.9,1,
363,criminal,43,fir,251,involved_in,0.9,1,
364,criminal,55,fir,252,involved_in,0.9,1,
365,criminal,70,fir,253,involved_in,0.9,1,
366,criminal,32,fir,254,involved_in,0.9,1,
367,criminal,61,fir,254,involved_in,0.9,1,
368,criminal,56,fir,254,involved_in,0.9,1,
369,criminal,54,fir,255,involved_in,0.9,1,
370,criminal,67,fir,255,involved_in,0.9,1,
371,criminal,44,fir,256,involved_in,0.9,1,
372,criminal,58,fir,256,involved_in,0.9,1,
373,criminal,37,fir,257,involved_in,0.9,1,
374,criminal,61,fir,261,involved_in,0.9,1,
375,criminal,6,fir,262,involved_in,0.9,1,
376,criminal,70,fir,262,involved_in,0.9,1,
377,criminal,11,fir,263,involved_in,0.9,1,
378,criminal,34,fir,263,involved_in,0.9,1,
379,criminal,56,fir,263,involved_in,0.9,1,
380,criminal,53,fir,266,involved_in,0.9,1,
381,criminal,25,fir,267,involved_in,0.9,1,
382,criminal,54,fir,267,involved_in,0.9,1,
383,criminal,65,fir,267,involved_in,0.9,1,
384,criminal,40,fir,268,involved_in,0.9,1,
385,criminal,5,fir,268,involved_in,0.9,1,
386,criminal,9,fir,269,involved_in,0.9,1,
387,criminal,38,fir,270,involved_in,0.9,1,
388,criminal,35,fir,270,involved_in,0.9,1,
389,criminal,19,fir,271,involved_in,0.9,1,
390,criminal,55,fir,272,involved_in,0.9,1,
391,criminal,41,fir,273,involved_in,0.9,1,
392,criminal,26,fir,273,involved_in,0.9,1,
393,criminal,14,fir,273,involved_in,0.9,1,
394,criminal,18,fir,274,involved_in,0.9,1,
395,criminal,42,fir,274,involved_in,0.9,1,
396,criminal,5,fir,275,involved_in,0.9,1,
397,criminal,32,fir,275,involved_in,0.9,1,
398,criminal,64,fir,276,involved_in,0.9,1,
399,criminal,25,fir,276,involved_in,0.9,1,
400,criminal,11,fir,276,involved_in,0.9,1,
401,criminal,38,fir,277,involved_in,0.9,1,
402,criminal,14,fir,277,involved_in,0.9,1,
403,criminal,28,fir,277,involved_in,0.9,1,
404,criminal,17,fir,278,involved_in,0.9,1,
405,criminal,64,fir,278,involved_in,0.9,1,
406,criminal,2,fir,279,involved_in,0.9,1,
407,criminal,58,fir,281,involved_in,0.9,1,
408,criminal,62,fir,281,involved_in,0.9,1,
409,criminal,49,fir,281,involved_in,0.9,1,
410,criminal,18,fir,283,involved_in,0.9,1,
411,criminal,22,fir,283,involved_in,0.9,1,
412,criminal,66,fir,284,involved_in,0.9,1,
413,criminal,14,fir,285,involved_in,0.9,1,
414,criminal,24,fir,287,involved_in,0.9,1,
415,criminal,23,fir,287,involved_in,0.9,1,
416,criminal,19,fir,288,involved_in,0.9,1,
417,criminal,11,fir,288,involved_in,0.9,1,
418,criminal,62,fir,289,involved_in,0.9,1,
419,criminal,48,fir,289,involved_in,0.9,1,
420,criminal,28,fir,289,involved_in,0.9,1,
421,criminal,58,fir,291,involved_in,0.9,1,
422,criminal,6,fir,291,involved_in,0.9,1,
423,criminal,15,fir,292,involved_in,0.9,1,
424,criminal,23,fir,292,involved_in,0.9,1,
425,criminal,66,fir,292,involved_in,0.9,1,
426,criminal,45,fir,293,involved_in,0.9,1,
427,criminal,15,fir,293,involved_in,0.9,1,
428,criminal,13,fir,294,involved_in,0.9,1,
429,criminal,53,fir,294,involved_in,0.9,1,
430,criminal,2,fir,294,involved_in,0.9,1,
431,criminal,36,fir,295,involved_in,0.9,1,
432,criminal,20,fir,295,involved_in,0.9,1,
433,criminal,28,fir,295,involved_in,0.9,1,
434,criminal,58,fir,298,involved_in,0.9,1,
435,criminal,35,fir,299,involved_in,0.9,1,
436,criminal,11,fir,299,involved_in,0.9,1,
437,criminal,9,fir,300,involved_in,0.9,1,
438,criminal,44,fir,300,involved_in,0.9,1,
439,criminal,5,fir,301,involved_in,0.9,1,
440,criminal,29,fir,303,involved_in,0.9,1,
441,criminal,10,fir,306,involved_in,0.9,1,
442,criminal,64,fir,306,involved_in,0.9,1,
443,criminal,36,fir,309,involved_in,0.9,1,
444,criminal,58,fir,309,involved_in,0.9,1,
445,criminal,47,fir,309,involved_in,0.9,1,
446,criminal,69,fir,311,involved_in,0.9,1,
447,criminal,62,fir,311,involved_in,0.9,1,
448,criminal,45,fir,313,involved_in,0.9,1,
449,criminal,1,fir,313,involved_in,0.9,1,
450,criminal,4,fir,316,involved_in,0.9,1,
451,criminal,6,fir,316,involved_in,0.9,1,
452,criminal,11,fir,316,involved_in,0.9,1,
453,criminal,3,fir,317,involved_in,0.9,1,
454,criminal,64,fir,317,involved_in,0.9,1,
455,criminal,43,fir,318,involved_in,0.9,1,
456,criminal,27,fir,318,involved_in,0.9,1,
457,criminal,14,fir,319,involved_in,0.9,1,
458,criminal,48,fir,321,involved_in,0.9,1,
459,criminal,63,fir,322,involved_in,0.9,1,
460,criminal,44,fir,323,involved_in,0.9,1,
461,criminal,37,fir,324,involved_in,0.9,1,
462,criminal,50,fir,324,involved_in,0.9,1,
463,criminal,44,fir,325,involved_in,0.9,1,
464,criminal,34,fir,325,involved_in,0.9,1,
465,criminal,65,fir,327,involved_in,0.9,1,
466,criminal,66,fir,327,involved_in,0.9,1,
467,criminal,11,fir,327,involved_in,0.9,1,
468,criminal,2,fir,328,involved_in,0.9,1,
469,criminal,37,fir,328,involved_in,0.9,1,
470,criminal,15,fir,330,involved_in,0.9,1,
471,criminal,35,fir,331,involved_in,0.9,1,
472,criminal,42,fir,332,involved_in,0.9,1,
473,criminal,53,fir,332,involved_in,0.9,1,
474,criminal,10,fir,334,involved_in,0.9,1,
475,criminal,70,fir,334,involved_in,0.9,1,
476,criminal,49,fir,336,involved_in,0.9,1,
477,criminal,7,fir,338,involved_in,0.9,1,
478,criminal,11,fir,338,involved_in,0.9,1,
479,criminal,61,fir,339,involved_in,0.9,1,
480,criminal,39,fir,339,involved_in,0.9,1,
481,criminal,49,fir,340,involved_in,0.9,1,
482,criminal,38,fir,340,involved_in,0.9,1,
483,criminal,16,fir,340,involved_in,0.9,1,
484,criminal,69,fir,341,involved_in,0.9,1,
485,criminal,26,fir,343,involved_in,0.9,1,
486,criminal,35,fir,343,involved_in,0.9,1,
487,criminal,66,fir,343,involved_in,0.9,1,
488,criminal,43,fir,344,involved_in,0.9,1,
489,criminal,70,fir,345,involved_in,0.9,1,
490,criminal,24,fir,345,involved_in,0.9,1,
491,criminal,53,fir,345,involved_in,0.9,1,
492,criminal,65,fir,346,involved_in,0.9,1,
493,criminal,66,fir,347,involved_in,0.9,1,
494,criminal,29,fir,347,involved_in,0.9,1,
495,criminal,53,fir,348,involved_in,0.9,1,
496,criminal,29,fir,348,involved_in,0.9,1,
497,criminal,70,fir,348,involved_in,0.9,1,
498,criminal,28,fir,351,involved_in,0.9,1,
499,criminal,40,fir,351,involved_in,0.9,1,
500,criminal,60,fir,351,involved_in,0.9,1,
501,criminal,45,fir,354,involved_in,0.9,1,
502,criminal,20,fir,354,involved_in,0.9,1,
503,criminal,55,fir,356,involved_in,0.9,1,
504,criminal,11,fir,356,involved_in,0.9,1,
505,criminal,1,fir,357,involved_in,0.9,1,
506,criminal,31,fir,357,involved_in,0.9,1,
507,criminal,21,fir,358,involved_in,0.9,1,
508,criminal,45,fir,358,involved_in,0.9,1,
509,criminal,26,fir,358,involved_in,0.9,1,
510,criminal,27,fir,359,involved_in,0.9,1,
511,criminal,56,fir,359,involved_in,0.9,1,
512,criminal,18,fir,359,involved_in,0.9,1,
513,criminal,26,fir,362,involved_in,0.9,1,
514,criminal,33,fir,362,involved_in,0.9,1,
515,criminal,42,fir,363,involved_in,0.9,1,
516,criminal,28,fir,363,involved_in,0.9,1,
517,criminal,7,fir,364,involved_in,0.9,1,
518,criminal,70,fir,365,involved_in,0.9,1,
519,criminal,33,fir,365,involved_in,0.9,1,
520,criminal,19,fir,365,involved_in,0.9,1,
521,criminal,30,fir,366,involved_in,0.9,1,
522,criminal,23,fir,366,involved_in,0.9,1,
523,criminal,60,fir,368,involved_in,0.9,1,
524,criminal,61,fir,368,involved_in,0.9,1,
525,criminal,45,fir,369,involved_in,0.9,1,
526,criminal,57,fir,370,involved_in,0.9,1,
527,criminal,56,fir,370,involved_in,0.9,1,
528,criminal,30,fir,371,involved_in,0.9,1,
529,criminal,14,fir,371,involved_in,0.9,1,
530,criminal,29,fir,372,involved_in,0.9,1,
531,criminal,2,fir,372,involved_in,0.9,1,
532,criminal,25,fir,373,involved_in,0.9,1,
533,criminal,33,fir,374,involved_in,0.9,1,
534,criminal,16,fir,375,involved_in,0.9,1,
535,criminal,27,fir,377,involved_in,0.9,1,
536,criminal,27,fir,378,involved_in,0.9,1,
537,criminal,55,fir,378,involved_in,0.9,1,
538,criminal,24,fir,378,involved_in,0.9,1,
539,criminal,18,fir,379,involved_in,0.9,1,
540,criminal,52,fir,380,involved_in,0.9,1,
541,criminal,23,fir,380,involved_in,0.9,1,
542,criminal,39,fir,381,involved_in,0.9,1,
543,criminal,28,fir,381,involved_in,0.9,1,
544,criminal,20,fir,382,involved_in,0.9,1,
545,criminal,26,fir,383,involved_in,0.9,1,
546,criminal,18,fir,383,involved_in,0.9,1,
547,criminal,61,fir,385,involved_in,0.9,1,
548,criminal,30,fir,385,involved_in,0.9,1,
549,criminal,43,fir,386,involved_in,0.9,1,
550,criminal,56,fir,386,involved_in,0.9,1,
551,criminal,29,fir,387,involved_in,0.9,1,
552,criminal,1,fir,388,involved_in,0.9,1,
553,criminal,18,fir,389,involved_in,0.9,1,
554,criminal,41,fir,389,involved_in,0.9,1,
555,criminal,33,fir,389,involved_in,0.9,1,
556,criminal,23,fir,391,involved_in,0.9,1,
557,criminal,33,fir,391,involved_in,0.9,1,
558,criminal,11,fir,392,involved_in,0.9,1,
559,criminal,1,fir,393,involved_in,0.9,1,
560,criminal,35,fir,393,involved_in,0.9,1,
561,criminal,11,fir,394,involved_in,0.9,1,
562,criminal,35,fir,394,involved_in,0.9,1,
563,criminal,26,fir,394,involved_in,0.9,1,
564,criminal,3,fir,396,involved_in,0.9,1,
565,criminal,14,fir,396,involved_in,0.9,1,
566,criminal,40,fir,396,involved_in,0.9,1,
567,criminal,24,fir,400,involved_in,0.9,1,
568,criminal,45,fir,402,involved_in,0.9,1,
569,criminal,34,fir,402,involved_in,0.9,1,
570,criminal,27,fir,403,involved_in,0.9,1,
571,criminal,32,fir,403,involved_in,0.9,1,
572,criminal,66,fir,403,involved_in,0.9,1,
573,criminal,62,fir,404,involved_in,0.9,1,
574,criminal,50,fir,405,involved_in,0.9,1,
575,criminal,9,fir,405,involved_in,0.9,1,
576,criminal,1,fir,405,involved_in,0.9,1,
577,criminal,36,fir,406,involved_in,0.9,1,
578,criminal,10,fir,406,involved_in,0.9,1,
579,criminal,65,fir,406,involved_in,0.9,1,
580,criminal,43,fir,407,involved_in,0.9,1,
581,criminal,21,fir,407,involved_in,0.9,1,
582,criminal,29,fir,408,involved_in,0.9,1,
583,criminal,66,fir,409,involved_in,0.9,1,
584,criminal,38,fir,410,involved_in,0.9,1,
585,criminal,46,fir,410,involved_in,0.9,1,
586,criminal,58,fir,411,involved_in,0.9,1,
587,criminal,53,fir,414,involved_in,0.9,1,
588,criminal,47,fir,414,involved_in,0.9,1,
589,criminal,35,fir,417,involved_in,0.9,1,
590,criminal,30,fir,418,involved_in,0.9,1,
591,criminal,22,fir,418,involved_in,0.9,1,
592,criminal,15,fir,419,involved_in,0.9,1,
593,criminal,38,fir,421,involved_in,0.9,1,
594,criminal,50,fir,421,involved_in,0.9,1,
595,criminal,43,fir,422,involved_in,0.9,1,
596,criminal,29,fir,422,involved_in,0.9,1,
597,criminal,23,fir,422,involved_in,0.9,1,
598,criminal,22,fir,424,involved_in,0.9,1,
599,criminal,55,fir,425,involved_in,0.9,1,
600,criminal,3,fir,426,involved_in,0.9,1,
601,criminal,53,fir,426,involved_in,0.9,1,
602,criminal,55,fir,429,involved_in,0.9,1,
603,criminal,27,fir,429,involved_in,0.9,1,
604,criminal,23,fir,430,involved_in,0.9,1,
605,criminal,53,fir,430,involved_in,0.9,1,
606,criminal,37,fir,431,involved_in,0.9,1,
607,criminal,58,fir,431,involved_in,0.9,1,
608,criminal,55,fir,431,involved_in,0.9,1,
609,criminal,18,fir,433,involved_in,0.9,1,
610,criminal,21,fir,433,involved_in,0.9,1,
611,criminal,49,fir,434,involved_in,0.9,1,
612,criminal,43,fir,435,involved_in,0.9,1,
613,criminal,44,fir,436,involved_in,0.9,1,
614,criminal,25,fir,437,involved_in,0.9,1,
615,criminal,57,fir,437,involved_in,0.9,1,
616,criminal,34,fir,437,involved_in,0.9,1,
617,criminal,53,fir,438,involved_in,0.9,1,
618,criminal,37,fir,438,involved_in,0.9,1,
619,criminal,62,fir,439,involved_in,0.9,1,
620,criminal,48,fir,440,involved_in,0.9,1,
621,criminal,38,fir,441,involved_in,0.9,1,
622,criminal,56,fir,442,involved_in,0.9,1,
623,criminal,55,fir,442,involved_in,0.9,1,
624,criminal,28,fir,443,involved_in,0.9,1,
625,criminal,49,fir,443,involved_in,0.9,1,
626,criminal,17,fir,446,involved_in,0.9,1,
627,criminal,26,fir,447,involved_in,0.9,1,
628,criminal,11,fir,447,involved_in,0.9,1,
629,criminal,66,fir,447,involved_in,0.9,1,
630,criminal,17,fir,449,involved_in,0.9,1,
631,criminal,10,fir,449,involved_in,0.9,1,
632,criminal,60,fir,449,involved_in,0.9,1,
633,criminal,23,fir,450,involved_in,0.9,1,
634,criminal,51,fir,451,involved_in,0.9,1,
635,criminal,35,fir,451,involved_in,0.9,1,
636,criminal,26,fir,452,involved_in,0.9,1,
637,criminal,1,fir,453,involved_in,0.9,1,
638,criminal,59,fir,453,involved_in,0.9,1,
639,criminal,13,fir,454,involved_in,0.9,1,
640,criminal,20,fir,454,involved_in,0.9,1,
641,criminal,3,fir,455,involved_in,0.9,1,
642,criminal,10,fir,457,involved_in,0.9,1,
643,criminal,40,fir,459,involved_in,0.9,1,
644,criminal,24,fir,460,involved_in,0.9,1,
645,criminal,64,fir,460,involved_in,0.9,1,
646,criminal,62,fir,460,involved_in,0.9,1,
647,criminal,15,fir,461,involved_in,0.9,1,
648,criminal,42,fir,461,involved_in,0.9,1,
649,criminal,12,fir,461,involved_in,0.9,1,
650,criminal,48,fir,462,involved_in,0.9,1,
651,criminal,59,fir,462,involved_in,0.9,1,
652,criminal,64,fir,463,involved_in,0.9,1,
653,criminal,28,fir,463,involved_in,0.9,1,
654,criminal,53,fir,463,involved_in,0.9,1,
655,criminal,33,fir,464,involved_in,0.9,1,
656,criminal,70,fir,464,involved_in,0.9,1,
657,criminal,50,fir,464,involved_in,0.9,1,
658,criminal,15,fir,465,involved_in,0.9,1,
659,criminal,68,fir,465,involved_in,0.9,1,
660,criminal,55,fir,465,involved_in,0.9,1,
661,criminal,29,fir,466,involved_in,0.9,1,
662,criminal,16,fir,466,involved_in,0.9,1,
663,criminal,27,fir,467,involved_in,0.9,1,
664,criminal,48,fir,467,involved_in,0.9,1,
665,criminal,56,fir,468,involved_in,0.9,1,
666,criminal,9,fir,470,involved_in,0.9,1,
667,criminal,64,fir,471,involved_in,0.9,1,
668,criminal,48,fir,471,involved_in,0.9,1,
669,criminal,24,fir,471,involved_in,0.9,1,
670,criminal,52,fir,473,involved_in,0.9,1,
671,criminal,66,fir,473,involved_in,0.9,1,
672,criminal,43,fir,474,involved_in,0.9,1,
673,criminal,69,fir,476,involved_in,0.9,1,
674,criminal,6,fir,479,involved_in,0.9,1,
675,criminal,39,fir,479,involved_in,0.9,1,
676,criminal,66,fir,480,involved_in,0.9,1,
677,criminal,52,fir,481,involved_in,0.9,1,
678,criminal,34,fir,481,involved_in,0.9,1,
679,criminal,63,fir,481,involved_in,0.9,1,
680,criminal,39,fir,482,involved_in,0.9,1,
681,criminal,61,fir,483,involved_in,0.9,1,
682,criminal,30,fir,483,involved_in,0.9,1,
683,criminal,18,fir,485,involved_in,0.9,1,
684,criminal,58,fir,485,involved_in,0.9,1,
685,criminal,6,fir,485,involved_in,0.9,1,
686,criminal,66,fir,486,involved_in,0.9,1,
687,criminal,21,fir,487,involved_in,0.9,1,
688,criminal,65,fir,487,involved_in,0.9,1,
689,criminal,63,fir,487,involved_in,0.9,1,
690,criminal,11,fir,490,involved_in,0.9,1,
691,criminal,44,fir,490,involved_in,0.9,1,
692,criminal,68,fir,490,involved_in,0.9,1,
693,criminal,49,fir,491,involved_in,0.9,1,
694,criminal,65,fir,494,involved_in,0.9,1,
695,criminal,51,fir,495,involved_in,0.9,1,
696,criminal,56,fir,496,involved_in,0.9,1,
697,criminal,64,fir,496,involved_in,0.9,1,
698,criminal,29,fir,496,involved_in,0.9,1,
699,criminal,24,fir,497,involved_in,0.9,1,
700,criminal,50,fir,497,involved_in,0.9,1,
701,criminal,21,fir,499,involved_in,0.9,1,
702,criminal,34,fir,500,involved_in,0.9,1,
703,criminal,22,fir,500,involved_in,0.9,1,
704,criminal,1,phone,1,uses_phone,0.95,37,
705,criminal,1,address,1,resides,0.9,,
706,criminal,1,address,2,resides,0.5,,suspected hideout
707,criminal,2,phone,2,uses_phone,0.95,9,
708,criminal,2,address,3,resides,0.9,,
709,criminal,3,phone,3,uses_phone,0.95,24,
710,criminal,3,phone,4,uses_phone,0.95,37,
711,criminal,3,vehicle,1,uses_vehicle,0.85,5,
712,criminal,3,address,4,resides,0.9,,
713,criminal,4,phone,5,uses_phone,0.95,12,
714,criminal,4,phone,6,uses_phone,0.95,31,
715,criminal,4,vehicle,2,uses_vehicle,0.85,1,
716,criminal,4,address,5,resides,0.9,,
717,criminal,4,address,6,resides,0.5,,suspected hideout
718,criminal,5,phone,7,uses_phone,0.95,7,
719,criminal,5,address,7,resides,0.9,,
720,criminal,6,phone,8,uses_phone,0.95,6,
721,criminal,6,phone,9,uses_phone,0.95,1,
722,criminal,6,vehicle,3,uses_vehicle,0.85,19,
723,criminal,6,address,8,resides,0.9,,
724,criminal,6,address,9,resides,0.5,,suspected hideout
725,criminal,7,phone,10,uses_phone,0.95,25,
726,criminal,7,vehicle,4,uses_vehicle,0.85,2,
727,criminal,7,address,10,resides,0.9,,
728,criminal,8,phone,11,uses_phone,0.95,31,
729,criminal,8,vehicle,5,uses_vehicle,0.85,5,
730,criminal,8,address,11,resides,0.9,,
731,criminal,9,phone,12,uses_phone,0.95,3,
732,criminal,9,vehicle,6,uses_vehicle,0.85,8,
733,criminal,9,address,12,resides,0.9,,
734,criminal,10,phone,13,uses_phone,0.95,15,
735,criminal,10,address,13,resides,0.9,,
736,criminal,11,phone,14,uses_phone,0.95,19,
737,criminal,11,vehicle,7,uses_vehicle,0.85,11,
738,criminal,11,address,14,resides,0.9,,
739,criminal,12,phone,15,uses_phone,0.95,14,
740,criminal,12,vehicle,8,uses_vehicle,0.85,6,
741,criminal,12,address,15,resides,0.9,,
742,criminal,12,address,16,resides,0.5,,suspected hideout
743,criminal,13,phone,16,uses_phone,0.95,3,
744,criminal,13,phone,17,uses_phone,0.95,22,
745,criminal,13,address,17,resides,0.9,,
746,criminal,14,phone,18,uses_phone,0.95,1,
747,criminal,14,phone,19,uses_phone,0.95,40,
748,criminal,14,vehicle,9,uses_vehicle,0.85,14,
749,criminal,14,address,18,resides,0.9,,
750,criminal,15,phone,20,uses_phone,0.95,7,
751,criminal,15,address,19,resides,0.9,,
752,criminal,16,phone,21,uses_phone,0.95,10,
753,criminal,16,phone,22,uses_phone,0.95,40,
754,criminal,16,vehicle,10,uses_vehicle,0.85,14,
755,criminal,16,address,20,resides,0.9,,
756,criminal,16,address,21,resides,0.5,,suspected hideout
757,criminal,17,phone,23,uses_phone,0.95,34,
758,criminal,17,phone,24,uses_phone,0.95,31,
759,criminal,17,vehicle,11,uses_vehicle,0.85,18,
760,criminal,17,address,22,resides,0.9,,
761,criminal,18,phone,25,uses_phone,0.95,26,
762,criminal,18,vehicle,12,uses_vehicle,0.85,20,
763,criminal,18,address,23,resides,0.9,,
764,criminal,18,address,24,resides,0.5,,suspected hideout
765,criminal,19,phone,26,uses_phone,0.95,17,
766,criminal,19,vehicle,13,uses_vehicle,0.85,15,
767,criminal,19,address,25,resides,0.9,,
768,criminal,20,phone,27,uses_phone,0.95,39,
769,criminal,20,address,26,resides,0.9,,
770,criminal,20,address,27,resides,0.5,,suspected hideout
771,criminal,21,phone,28,uses_phone,0.95,28,
772,criminal,21,address,28,resides,0.9,,
773,criminal,22,phone,29,uses_phone,0.95,19,
774,criminal,22,phone,30,uses_phone,0.95,39,
775,criminal,22,vehicle,14,uses_vehicle,0.85,7,
776,criminal,22,address,29,resides,0.9,,
777,criminal,23,phone,31,uses_phone,0.95,34,
778,criminal,23,phone,32,uses_phone,0.95,19,
779,criminal,23,vehicle,15,uses_vehicle,0.85,4,
780,criminal,23,address,30,resides,0.9,,
781,criminal,23,address,31,resides,0.5,,suspected hideout
782,criminal,24,phone,33,uses_phone,0.95,24,
783,criminal,24,vehicle,16,uses_vehicle,0.85,19,
784,criminal,24,address,32,resides,0.9,,
785,criminal,24,address,33,resides,0.5,,suspected hideout
786,criminal,25,phone,34,uses_phone,0.95,12,
787,criminal,25,address,34,resides,0.9,,
788,criminal,26,phone,35,uses_phone,0.95,30,
789,criminal,26,vehicle,17,uses_vehicle,0.85,19,
790,criminal,26,address,35,resides,0.9,,
791,criminal,27,phone,36,uses_phone,0.95,2,
792,criminal,27,phone,37,uses_phone,0.95,11,
793,criminal,27,vehicle,18,uses_vehicle,0.85,13,
794,criminal,27,address,36,resides,0.9,,
795,criminal,27,address,37,resides,0.5,,suspected hideout
796,criminal,28,phone,38,uses_phone,0.95,29,
797,criminal,28,vehicle,19,uses_vehicle,0.85,20,
798,criminal,28,address,38,resides,0.9,,
799,criminal,29,phone,39,uses_phone,0.95,13,
800,criminal,29,phone,40,uses_phone,0.95,35,
801,criminal,29,address,39,resides,0.9,,
802,criminal,29,address,40,resides,0.5,,suspected hideout
803,criminal,30,phone,41,uses_phone,0.95,28,
804,criminal,30,phone,42,uses_phone,0.95,24,
805,criminal,30,address,41,resides,0.9,,
806,criminal,30,address,42,resides,0.5,,suspected hideout
807,criminal,31,phone,43,uses_phone,0.95,2,
808,criminal,31,address,43,resides,0.9,,
809,criminal,32,phone,44,uses_phone,0.95,20,
810,criminal,32,phone,45,uses_phone,0.95,27,
811,criminal,32,vehicle,20,uses_vehicle,0.85,18,
812,criminal,32,address,44,resides,0.9,,
813,criminal,32,address,45,resides,0.5,,suspected hideout
814,criminal,33,phone,46,uses_phone,0.95,22,
815,criminal,33,address,46,resides,0.9,,
816,criminal,33,address,47,resides,0.5,,suspected hideout
817,criminal,34,phone,47,uses_phone,0.95,7,
818,criminal,34,vehicle,21,uses_vehicle,0.85,16,
819,criminal,34,address,48,resides,0.9,,
820,criminal,34,address,49,resides,0.5,,suspected hideout
821,criminal,35,phone,48,uses_phone,0.95,38,
822,criminal,35,address,50,resides,0.9,,
823,criminal,35,address,51,resides,0.5,,suspected hideout
824,criminal,36,phone,49,uses_phone,0.95,38,
825,criminal,36,phone,50,uses_phone,0.95,34,
826,criminal,36,address,52,resides,0.9,,
827,criminal,36,address,53,resides,0.5,,suspected hideout
828,criminal,37,phone,51,uses_phone,0.95,3,
829,criminal,37,vehicle,22,uses_vehicle,0.85,20,
830,criminal,37,address,54,resides,0.9,,
831,criminal,38,phone,52,uses_phone,0.95,20,
832,criminal,38,phone,53,uses_phone,0.95,37,
833,criminal,38,vehicle,23,uses_vehicle,0.85,7,
834,criminal,38,address,55,resides,0.9,,
835,criminal,38,address,56,resides,0.5,,suspected hideout
836,criminal,39,phone,54,uses_phone,0.95,40,
837,criminal,39,vehicle,24,uses_vehicle,0.85,5,
838,criminal,39,address,57,resides,0.9,,
839,criminal,39,address,58,resides,0.5,,suspected hideout
840,criminal,40,phone,55,uses_phone,0.95,15,
841,criminal,40,address,59,resides,0.9,,
842,criminal,40,address,60,resides,0.5,,suspected hideout
843,criminal,41,phone,56,uses_phone,0.95,39,
844,criminal,41,phone,57,uses_phone,0.95,28,
845,criminal,41,vehicle,25,uses_vehicle,0.85,6,
846,criminal,41,address,61,resides,0.9,,
847,criminal,42,phone,58,uses_phone,0.95,7,
848,criminal,42,address,62,resides,0.9,,
849,criminal,42,address,63,resides,0.5,,suspected hideout
850,criminal,43,phone,59,uses_phone,0.95,28,
851,criminal,43,phone,60,uses_phone,0.95,6,
852,criminal,43,vehicle,26,uses_vehicle,0.85,10,
853,criminal,43,address,64,resides,0.9,,
854,criminal,43,address,65,resides,0.5,,suspected hideout
855,criminal,44,phone,61,uses_phone,0.95,7,
856,criminal,44,address,66,resides,0.9,,
857,criminal,45,phone,62,uses_phone,0.95,24,
858,criminal,45,vehicle,27,uses_vehicle,0.85,5,
859,criminal,45,address,67,resides,0.9,,
860,criminal,45,address,68,resides,0.5,,suspected hideout
861,criminal,46,phone,63,uses_phone,0.95,16,
862,criminal,46,vehicle,28,uses_vehicle,0.85,1,
863,criminal,46,address,69,resides,0.9,,
864,criminal,46,address,70,resides,0.5,,suspected hideout
865,criminal,47,phone,64,uses_phone,0.95,19,
866,criminal,47,address,71,resides,0.9,,
867,criminal,48,phone,65,uses_phone,0.95,16,
868,criminal,48,phone,66,uses_phone,0.95,18,
869,criminal,48,address,72,resides,0.9,,
870,criminal,49,phone,67,uses_phone,0.95,40,
871,criminal,49,address,73,resides,0.9,,
872,criminal,50,phone,68,uses_phone,0.95,18,
873,criminal,50,phone,69,uses_phone,0.95,20,
874,criminal,50,address,74,resides,0.9,,
875,criminal,51,phone,70,uses_phone,0.95,39,
876,criminal,51,phone,71,uses_phone,0.95,33,
877,criminal,51,vehicle,29,uses_vehicle,0.85,14,
878,criminal,51,address,75,resides,0.9,,
879,criminal,51,address,76,resides,0.5,,suspected hideout
880,criminal,52,phone,72,uses_phone,0.95,18,
881,criminal,52,vehicle,30,uses_vehicle,0.85,10,
882,criminal,52,address,77,resides,0.9,,
883,criminal,52,address,78,resides,0.5,,suspected hideout
884,criminal,53,phone,73,uses_phone,0.95,27,
885,criminal,53,vehicle,31,uses_vehicle,0.85,7,
886,criminal,53,address,79,resides,0.9,,
887,criminal,53,address,80,resides,0.5,,suspected hideout
888,criminal,54,phone,74,uses_phone,0.95,21,
889,criminal,54,vehicle,32,uses_vehicle,0.85,11,
890,criminal,54,address,81,resides,0.9,,
891,criminal,55,phone,75,uses_phone,0.95,12,
892,criminal,55,phone,76,uses_phone,0.95,24,
893,criminal,55,vehicle,33,uses_vehicle,0.85,17,
894,criminal,55,address,82,resides,0.9,,
895,criminal,56,phone,77,uses_phone,0.95,13,
896,criminal,56,vehicle,34,uses_vehicle,0.85,12,
897,criminal,56,address,83,resides,0.9,,
898,criminal,56,address,84,resides,0.5,,suspected hideout
899,criminal,57,phone,78,uses_phone,0.95,23,
900,criminal,57,vehicle,35,uses_vehicle,0.85,11,
901,criminal,57,address,85,resides,0.9,,
902,criminal,58,phone,79,uses_phone,0.95,16,
903,criminal,58,address,86,resides,0.9,,
904,criminal,58,address,87,resides,0.5,,suspected hideout
905,criminal,59,phone,80,uses_phone,0.95,3,
906,criminal,59,vehicle,36,uses_vehicle,0.85,2,
907,criminal,59,address,88,resides,0.9,,
908,criminal,59,address,89,resides,0.5,,suspected hideout
909,criminal,60,phone,81,uses_phone,0.95,5,
910,criminal,60,address,90,resides,0.9,,
911,criminal,60,address,91,resides,0.5,,suspected hideout
912,criminal,61,phone,82,uses_phone,0.95,12,
913,criminal,61,phone,83,uses_phone,0.95,23,
914,criminal,61,vehicle,37,uses_vehicle,0.85,8,
915,criminal,61,address,92,resides,0.9,,
916,criminal,61,address,93,resides,0.5,,suspected hideout
917,criminal,62,phone,84,uses_phone,0.95,3,
918,criminal,62,phone,85,uses_phone,0.95,24,
919,criminal,62,address,94,resides,0.9,,
920,criminal,63,phone,86,uses_phone,0.95,5,
921,criminal,63,phone,87,uses_phone,0.95,22,
922,criminal,63,vehicle,38,uses_vehicle,0.85,2,
923,criminal,63,address,95,resides,0.9,,
924,criminal,64,phone,88,uses_phone,0.95,37,
925,criminal,64,vehicle,39,uses_vehicle,0.85,19,
926,criminal,64,address,96,resides,0.9,,
927,criminal,65,phone,89,uses_phone,0.95,13,
928,criminal,65,vehicle,40,uses_vehicle,0.85,10,
929,criminal,65,address,97,resides,0.9,,
930,criminal,66,phone,90,uses_phone,0.95,30,
931,criminal,66,phone,91,uses_phone,0.95,30,
932,criminal,66,vehicle,41,uses_vehicle,0.85,3,
933,criminal,66,address,98,resides,0.9,,
934,criminal,67,phone,92,uses_phone,0.95,8,
935,criminal,67,vehicle,42,uses_vehicle,0.85,15,
936,criminal,67,address,99,resides,0.9,,
937,criminal,68,phone,93,uses_phone,0.95,12,
938,criminal,68,vehicle,43,uses_vehicle,0.85,14,
939,criminal,68,address,100,resides,0.9,,
940,criminal,69,phone,94,uses_phone,0.95,26,
941,criminal,69,vehicle,44,uses_vehicle,0.85,19,
942,criminal,69,address,101,resides,0.9,,
943,criminal,70,phone,95,uses_phone,0.95,37,
944,criminal,70,vehicle,45,uses_vehicle,0.85,4,
945,criminal,70,address,102,resides,0.9,,
946,criminal,70,address,103,resides,0.5,,suspected hideout
947,criminal,7,organization,1,member_of,0.8,,
948,criminal,36,organization,1,member_of,0.8,,
949,criminal,28,organization,1,member_of,0.8,,
950,criminal,20,organization,1,member_of,0.8,,
951,criminal,10,organization,1,member_of,0.8,,
952,criminal,64,organization,1,member_of,0.8,,
953,criminal,3,organization,1,member_of,0.8,,
954,criminal,7,criminal,36,associate,0.9010736728669144,20,Co-members of Shivajinagar Crew
955,criminal,7,criminal,20,associate,0.6051137995440513,3,Co-members of Shivajinagar Crew
956,criminal,7,criminal,64,associate,0.9076621548156254,10,Co-members of Shivajinagar Crew
957,criminal,36,criminal,3,associate,0.7792061055661179,12,Co-members of Shivajinagar Crew
958,criminal,28,criminal,20,associate,0.8123098631156608,14,Co-members of Shivajinagar Crew
959,criminal,20,criminal,64,associate,0.6673360100714489,17,Co-members of Shivajinagar Crew
960,criminal,20,criminal,3,associate,0.7210331343812868,10,Co-members of Shivajinagar Crew
961,criminal,10,criminal,64,associate,0.6415911170653998,9,Co-members of Shivajinagar Crew
962,criminal,10,criminal,3,associate,0.7988900188822299,20,Co-members of Shivajinagar Crew
963,criminal,18,organization,2,member_of,0.8,,
964,criminal,7,organization,2,member_of,0.8,,
965,criminal,43,organization,2,member_of,0.8,,
966,criminal,68,organization,2,member_of,0.8,,
967,criminal,26,organization,2,member_of,0.8,,
968,criminal,30,organization,2,member_of,0.8,,
969,criminal,4,organization,2,member_of,0.8,,
970,criminal,18,criminal,7,associate,0.7235884222667663,1,Co-members of KR Market Syndicate
971,criminal,18,criminal,43,associate,0.897360891290009,22,Co-members of KR Market Syndicate
972,criminal,18,criminal,26,associate,0.7280487483367324,21,Co-members of KR Market Syndicate
973,criminal,7,criminal,68,associate,0.6291019952739588,21,Co-members of KR Market Syndicate
974,criminal,7,criminal,26,associate,0.8546668837196194,10,Co-members of KR Market Syndicate
975,criminal,7,criminal,4,associate,0.939174355880823,23,Co-members of KR Market Syndicate
976,criminal,68,criminal,26,associate,0.9257338301977143,18,Co-members of KR Market Syndicate
977,criminal,68,criminal,30,associate,0.6714527825708501,2,Co-members of KR Market Syndicate
978,criminal,68,criminal,4,associate,0.6214311775518581,10,Co-members of KR Market Syndicate
979,criminal,26,criminal,30,associate,0.7967448761803098,9,Co-members of KR Market Syndicate
980,criminal,26,criminal,4,associate,0.652998473844491,24,Co-members of KR Market Syndicate
981,criminal,19,organization,3,member_of,0.8,,
982,criminal,59,organization,3,member_of,0.8,,
983,criminal,70,organization,3,member_of,0.8,,
984,criminal,39,organization,3,member_of,0.8,,
985,criminal,13,organization,3,member_of,0.8,,
986,criminal,21,organization,3,member_of,0.8,,
987,criminal,26,organization,3,member_of,0.8,,
988,criminal,53,organization,3,member_of,0.8,,
989,criminal,19,criminal,59,associate,0.6966835483908653,21,Co-members of Malnad Vehicle Ring
990,criminal,19,criminal,39,associate,0.9373304257984273,13,Co-members of Malnad Vehicle Ring
991,criminal,19,criminal,26,associate,0.8610287098912521,11,Co-members of Malnad Vehicle Ring
992,criminal,59,criminal,39,associate,0.7243960715481079,14,Co-members of Malnad Vehicle Ring
993,criminal,59,criminal,21,associate,0.8505095912609248,15,Co-members of Malnad Vehicle Ring
994,criminal,59,criminal,53,associate,0.7489159357501194,2,Co-members of Malnad Vehicle Ring
995,criminal,70,criminal,39,associate,0.6820173891610466,15,Co-members of Malnad Vehicle Ring
996,criminal,70,criminal,13,associate,0.8073224385734648,15,Co-members of Malnad Vehicle Ring
997,criminal,70,criminal,21,associate,0.6124888288322836,2,Co-members of Malnad Vehicle Ring
998,criminal,39,criminal,21,associate,0.6207601480418816,7,Co-members of Malnad Vehicle Ring
999,criminal,39,criminal,26,associate,0.6829239742946811,10,Co-members of Malnad Vehicle Ring
1000,criminal,39,criminal,53,associate,0.7021788570331409,16,Co-members of Malnad Vehicle Ring
1001,criminal,13,criminal,21,associate,0.93399164150469,7,Co-members of Malnad Vehicle Ring
1002,criminal,13,criminal,26,associate,0.7630729489959776,14,Co-members of Malnad Vehicle Ring
1003,criminal,21,criminal,26,associate,0.6014490857603959,16,Co-members of Malnad Vehicle Ring
1004,criminal,21,criminal,53,associate,0.7218936906196176,10,Co-members of Malnad Vehicle Ring
1005,criminal,32,organization,4,member_of,0.8,,
1006,criminal,49,organization,4,member_of,0.8,,
1007,criminal,7,organization,4,member_of,0.8,,
1008,criminal,28,organization,4,member_of,0.8,,
1009,criminal,16,organization,4,member_of,0.8,,
1010,criminal,32,criminal,49,associate,0.6276940597221256,20,Co-members of Coastal Smugglers
1011,criminal,32,criminal,28,associate,0.9284010169911198,12,Co-members of Coastal Smugglers
1012,criminal,32,criminal,16,associate,0.7831618967233225,19,Co-members of Coastal Smugglers
1013,criminal,49,criminal,7,associate,0.7409420890617184,2,Co-members of Coastal Smugglers
1014,criminal,49,criminal,16,associate,0.876880041300319,24,Co-members of Coastal Smugglers
1015,criminal,7,criminal,28,associate,0.9026993557927199,8,Co-members of Coastal Smugglers
1016,criminal,7,criminal,16,associate,0.6962762017617933,14,Co-members of Coastal Smugglers
1017,criminal,65,organization,5,member_of,0.8,,
1018,criminal,70,organization,5,member_of,0.8,,
1019,criminal,32,organization,5,member_of,0.8,,
1020,criminal,26,organization,5,member_of,0.8,,
1021,criminal,62,organization,5,member_of,0.8,,
1022,criminal,34,organization,5,member_of,0.8,,
1023,criminal,27,organization,5,member_of,0.8,,
1024,criminal,57,organization,5,member_of,0.8,,
1025,criminal,5,organization,5,member_of,0.8,,
1026,criminal,65,criminal,26,associate,0.7338668458163737,9,Co-members of Hubli Chain Gang
1027,criminal,65,criminal,57,associate,0.87911618828075,1,Co-members of Hubli Chain Gang
1028,criminal,65,criminal,5,associate,0.6547346155741252,2,Co-members of Hubli Chain Gang
1029,criminal,70,criminal,32,associate,0.8849875532323495,17,Co-members of Hubli Chain Gang
1030,criminal,70,criminal,62,associate,0.6802891313331201,19,Co-members of Hubli Chain Gang
1031,criminal,70,criminal,34,associate,0.8672470351331867,8,Co-members of Hubli Chain Gang
1032,criminal,70,criminal,27,associate,0.8710272402619011,22,Co-members of Hubli Chain Gang
1033,criminal,70,criminal,57,associate,0.7773598151048645,14,Co-members of Hubli Chain Gang
1034,criminal,70,criminal,5,associate,0.8361972081242128,16,Co-members of Hubli Chain Gang
1035,criminal,32,criminal,62,associate,0.7230832910048774,24,Co-members of Hubli Chain Gang
1036,criminal,32,criminal,34,associate,0.8889966142247431,8,Co-members of Hubli Chain Gang
1037,criminal,32,criminal,5,associate,0.6000617387588135,4,Co-members of Hubli Chain Gang
1038,criminal,26,criminal,34,associate,0.7023835824336856,12,Co-members of Hubli Chain Gang
1039,criminal,26,criminal,27,associate,0.734630654961802,24,Co-members of Hubli Chain Gang
1040,criminal,26,criminal,57,associate,0.8852042044745758,7,Co-members of Hubli Chain Gang
1041,criminal,62,criminal,5,associate,0.9387543053366243,20,Co-members of Hubli Chain Gang
1042,criminal,34,criminal,5,associate,0.7351459928555414,24,Co-members of Hubli Chain Gang
1043,criminal,27,criminal,57,associate,0.8305087586399167,10,Co-members of Hubli Chain Gang
1044,criminal,27,criminal,5,associate,0.8042305954615585,3,Co-members of Hubli Chain Gang
1045,criminal,42,organization,6,member_of,0.8,,
1046,criminal,55,organization,6,member_of,0.8,,
1047,criminal,12,organization,6,member_of,0.8,,
1048,criminal,48,organization,6,member_of,0.8,,
1049,criminal,46,organization,6,member_of,0.8,,
1050,criminal,57,organization,6,member_of,0.8,,
1051,criminal,21,organization,6,member_of,0.8,,
1052,criminal,42,criminal,55,associate,0.817883799469564,4,Co-members of Electronic City Cyber Ring
1053,criminal,55,criminal,48,associate,0.6925312588922679,12,Co-members of Electronic City Cyber Ring
1054,criminal,55,criminal,46,associate,0.7284545358852483,14,Co-members of Electronic City Cyber Ring
1055,criminal,55,criminal,21,associate,0.6921939306426793,22,Co-members of Electronic City Cyber Ring
1056,criminal,12,criminal,48,associate,0.7975120412767864,3,Co-members of Electronic City Cyber Ring
1057,criminal,48,criminal,46,associate,0.6041942547773942,2,Co-members of Electronic City Cyber Ring
1058,criminal,46,criminal,57,associate,0.7717197281657717,3,Co-members of Electronic City Cyber Ring
1059,criminal,46,criminal,21,associate,0.645559245836921,13,Co-members of Electronic City Cyber Ring
1060,criminal,32,criminal,21,associate,0.7987525999546051,2,
1061,criminal,6,criminal,33,associate,0.6487635145895183,8,
1062,criminal,19,criminal,21,associate,0.628554862830788,11,
1063,criminal,63,criminal,58,associate,0.4052843582816422,11,
1064,criminal,69,criminal,32,associate,0.4181652205064893,11,
1065,criminal,24,criminal,39,associate,0.7562874016351998,2,
1066,criminal,59,criminal,33,associate,0.49818688761442903,6,
1067,criminal,62,criminal,49,associate,0.4979593682102859,2,
1068,criminal,23,criminal,18,associate,0.6501700296998024,12,
1069,criminal,9,criminal,52,associate,0.7801163874566556,4,
1070,criminal,2,criminal,1,associate,0.5511331663466991,8,
1071,criminal,8,criminal,67,associate,0.6250169345177711,3,
1072,criminal,22,criminal,9,associate,0.7028057586401701,6,
1073,criminal,12,criminal,39,associate,0.589011885598302,4,
1074,criminal,6,criminal,65,associate,0.5484186122193933,12,
1075,criminal,55,criminal,54,associate,0.4100408527068794,6,
1076,criminal,42,criminal,22,associate,0.4176180721260607,13,
1077,criminal,48,criminal,68,associate,0.761288410332054,14,
1078,criminal,67,criminal,1,associate,0.5690050448291004,6,
1079,criminal,10,criminal,27,associate,0.7406076275743545,8,
1080,criminal,46,criminal,19,associate,0.49152682377025486,5,
1081,criminal,7,criminal,62,associate,0.5505583257414401,5,
1082,criminal,41,criminal,67,associate,0.6807803965173662,14,
1083,criminal,27,criminal,33,associate,0.6552923955954612,6,
1084,criminal,53,criminal,56,associate,0.538780420832336,14,
1085,criminal,4,criminal,19,associate,0.7554566166363657,9,
1086,criminal,59,criminal,43,associate,0.6500394266098738,4,
1087,criminal,49,criminal,46,associate,0.692393091507256,9,
1088,criminal,24,criminal,34,associate,0.5012163596227766,4,
1089,criminal,61,criminal,28,associate,0.7553280208259822,7,
1090,criminal,25,criminal,61,associate,0.7137304050847888,4,
1091,criminal,3,criminal,28,associate,0.4126768777146936,2,
1092,criminal,16,criminal,36,associate,0.6818517959676683,11,
1093,criminal,6,criminal,5,associate,0.4895565073937178,11,
1094,criminal,9,criminal,28,associate,0.4126899722963572,11,
1095,criminal,70,criminal,44,associate,0.4866763446480036,5,
1096,criminal,36,criminal,24,associate,0.640596372820437,1,
1097,criminal,43,criminal,69,associate,0.5567393425852061,14,
1098,criminal,32,criminal,21,associate,0.6803178762085735,2,
1099,criminal,28,criminal,36,associate,0.7504665043205023,12,
1100,criminal,10,criminal,40,associate,0.40223016273230316,13,
1101,criminal,68,criminal,57,associate,0.4822297618724406,13,
1102,criminal,49,criminal,23,associate,0.6529339011758566,6,
1103,criminal,65,criminal,49,associate,0.7482100580818951,12,
1104,criminal,59,criminal,29,associate,0.7796805373393,7,
1105,criminal,28,criminal,47,associate,0.4671368503943086,5,
1106,criminal,58,criminal,60,associate,0.6208818602375686,14,
1107,criminal,66,criminal,58,associate,0.4990323816426099,7,
1108,criminal,46,criminal,8,associate,0.40292773060500625,6,
1109,criminal,30,criminal,59,associate,0.7752579466439784,5,
1110,criminal,28,criminal,67,associate,0.6188861993141472,3,
1111,criminal,27,criminal,7,associate,0.4742516237311065,1,
1112,criminal,32,criminal,69,associate,0.5436847151257098,9,
1113,criminal,20,criminal,30,associate,0.6596370065584779,11,
1114,criminal,28,criminal,10,associate,0.408339682687074,11,
1115,criminal,53,criminal,41,associate,0.4444074244238436,5,
1116,criminal,45,criminal,46,associate,0.49267941527068615,5,
1117,criminal,35,criminal,7,associate,0.7331043967977167,7,
1118,criminal,54,criminal,16,associate,0.7906063848175109,14,
1119,criminal,13,criminal,70,associate,0.7616994771175087,8,
1120,criminal,69,criminal,54,contacted,0.6803033818257973,4,Frequent call contact
1121,criminal,49,criminal,7,contacted,0.5761869388166815,11,Frequent call contact
1122,criminal,11,criminal,53,contacted,0.7844025056576356,4,Frequent call contact
1123,criminal,31,criminal,54,contacted,0.7270505230873823,9,Frequent call contact
1124,criminal,29,criminal,6,contacted,0.5798845014767722,11,Frequent call contact
1125,criminal,61,criminal,56,contacted,0.6141547977924346,10,Frequent call contact
1126,criminal,35,criminal,61,contacted,0.7770565435523167,12,Frequent call contact
1127,criminal,19,criminal,61,contacted,0.5628750121220947,6,Frequent call contact
1128,criminal,65,criminal,68,contacted,0.7092816006857902,10,Frequent call contact
1129,criminal,47,criminal,35,contacted,0.5797189578413964,12,Frequent call contact
1130,criminal,70,criminal,4,contacted,0.7432788432342932,12,Frequent call contact
1131,criminal,49,criminal,66,contacted,0.5911099335877225,12,Frequent call contact
1132,criminal,52,criminal,36,contacted,0.5317267388571054,6,Frequent call contact
1133,criminal,66,criminal,43,contacted,0.7205021400004625,1,Frequent call contact
1134,criminal,7,criminal,70,contacted,0.5332705848384649,3,Frequent call contact
1135,criminal,67,criminal,42,contacted,0.6109498711535707,7,Frequent call contact
1136,criminal,22,criminal,14,contacted,0.6877146064070985,4,Frequent call contact
1137,criminal,62,criminal,2,contacted,0.6036918208235875,9,Frequent call contact
1138,criminal,21,criminal,26,contacted,0.738135911966674,11,Frequent call contact
1139,criminal,67,criminal,34,contacted,0.742120808782056,3,Frequent call contact
1140,criminal,53,criminal,34,contacted,0.6831776575418189,11,Frequent call contact
1141,criminal,17,criminal,56,contacted,0.7508470215369016,9,Frequent call contact
1142,criminal,45,criminal,28,contacted,0.6080092239659279,9,Frequent call contact
1143,criminal,18,criminal,63,contacted,0.6940119111910462,12,Frequent call contact
1144,criminal,56,criminal,53,contacted,0.656736763077788,6,Frequent call contact
1145,criminal,40,criminal,68,contacted,0.6392463170457632,9,Frequent call contact
1146,criminal,64,criminal,23,contacted,0.7352966774255038,6,Frequent call contact
1147,criminal,59,criminal,29,contacted,0.6549853702774271,7,Frequent call contact
1148,criminal,16,criminal,11,contacted,0.7964534542988986,10,Frequent call contact
1149,criminal,67,criminal,46,contacted,0.6399974703788758,7,Frequent call contact
1150,criminal,59,criminal,24,contacted,0.5458010578295216,8,Frequent call contact
1151,criminal,27,criminal,55,contacted,0.6429372925078496,8,Frequent call contact
1152,criminal,47,criminal,12,contacted,0.5785162425367162,10,Frequent call contact
1153,criminal,8,criminal,23,contacted,0.7102219813503325,1,Frequent call contact
1154,criminal,32,criminal,62,contacted,0.6172161519993097,7,Frequent call contact
1155,criminal,14,criminal,50,contacted,0.5611670324811712,4,Frequent call contact
1156,criminal,64,criminal,41,contacted,0.5938145876629278,1,Frequent call contact
1157,criminal,32,criminal,34,contacted,0.5736402747454121,7,Frequent call contact
1158,criminal,44,criminal,51,contacted,0.5659091961104423,3,Frequent call contact
1159,criminal,6,criminal,38,contacted,0.7520547445397824,8,Frequent call contact
